Workbook

Sheet 초입
A1: 연번 | B1: 소속교 | C1: 학급유형 | D1: 학년 | E1: 성명 | F1: 성별 | G1: 생년월일 | H1: 선정배치 | J1: 장애유형(유형변경 파란색) | M1: 주소 | N1: 최근거리교 | R1: 희망교 | AD1: 연락처 | AF1: 특수학교(유치부) | AO1: 검사결과 | AP1: 특이사항 | AQ1: 접수완료 | AR1: 2검 (원본 완성 기준)
H2: 기존 | I2: 신규 | J2: 특수교육법 | K2: 장애인복지법 | N2: 학교명 | O2: 배치유형 | P2: 통학방법 | Q2: 거리(km) | R2: 1희망교 | V2: 2희망교 | Z2: 3희망교 | AF2: 1희망 | AI2: 2희망 | AL2: 3희망
J3: 영역 | K3: 영역 | L3: 정도 | R3: 학교명 | S3: 배치유형 | T3: 통학방법 | U3: 거리(km) | V3: 학교명 | W3: 배치유형 | X3: 통학방법 | Y3: 거리(km) | Z3: 학교명 | AA3: 배치유형 | AB3: 통학방법 | AC3: 거리(km) | AD3: 보호자 | AE3: 담당교사 | AF3: 지역 | AG3: 학교명 | AH3: 학급유형 | AI3: 지역 | AJ3: 학교명 | AK3: 학급유형 | AL3: 지역 | AM3: 학교명 | AN3: 학급유형
A4: 1 | B4: 시립동구어린이집 | D4: 3 | E4: 김연성 | F4: 남 | G4: 2020.02.25. | I4: O | J4: 의사소통장애 (지적장애 범주) | M4: 경기도 구리시 경춘로276번길 21, 107동 1002호(구리역한양수자인) | N4: 구리초등학교 | O4: 특수학급 | Q4: 0.1 | R4: 구리초등학교 | S4: 특수학급 | U4: 0.1 | V4: 구지초등학교 | W4: 특수학급 | Y4: 1.2 | Z4: 동구초등학교 | AA4: 특수학급 | AC4: 1.4 | AD4: 010-8865-6065 | AO4: ※심리평가보고서(2026.3.12.) □ K-WPPSI-Ⅳ: 전체IQ 53(언어이해 50, 시공간 79, 유동추론 66, 작업기억 61, 처리속도 64/매우 낮음) □ 사회성숙도: SA 4세7개월, SQ 78.33(경계선) □ CARS: 22.5점 □ 적응행동검사: 표준점수 70(저조한 수준) | AP4: *검사결과 지적장애 범주. 신규지만 지적장애로 유형변경 | AQ4: 완료 | AR4: 완료
A5: 2 | B5: 없음 | E5: 김주연 | F5: 여 | G5: 2020.10.10. | I5: O | J5: 지적장애 | K5: 지적·자폐성장애 | L5: 중증 | M5: 현: 경기도 구리시 건원대로 92, 115동 1405호(인창동 주공아파트) 이사: 경기도 구리시 수택동 444-6 | N5: 부양초등학교 | O5: 특수학급 | Q5: 0.454 | R5: 부양초등학교 | S5: 특수학급 | U5: 0.454 | V5: 백문초등학교 | W5: 특수학급 | Y5: 1.2 | Z5: 토평초등학교 | AA5: 특수학급 | AC5: 1.2 | AD5: 010-8999-2232 | AO5: □ 복지카드: 지적,자폐성장애 중증(~2032.03.02.) | AP5: 7월30일 거주지 이전 / 대중교통 이용 / 현 주소 기준으로 거리 작성됨 / 자차기준 토평, 백문, 도림, 교문 모두 1.1~1.2km임 / 1순위 안되면 참고 | AQ5: 완료 | AR5: 완료
A6: 3 | B6: 하늘숲어린이집 | D6: 3 | E6: 양서율 | F6: 여 | G6: 2020.01.26. | I6: O | J6: 자폐성장애 | K6: 자폐성장애 | L6: 중증 | M6: 경기도 남양주시 오남읍 양지로46번길 130, 102동 503호 | N6: 오남초등학교 | O6: 특수학급 | Q6: 1.4 | R6: 오남초등학교 | S6: 특수학급 | U6: 1.4 | V6: 남양주양지초등학교 | W6: 특수학급 | Y6: 1.2 | Z6: 양오초등학교 | AA6: 특수학급 | AC6: 1.8 | AD6: 010-2228-7151 | AF6: 구리남양주 | AG6: 경은학교 | AH6: 특수학교 | AI6: 구리남양주 | AJ6: 복합특수학급 신설 | AK6: 복합특수학급 | AL6: 의정부 | AM6: 송민학교 | AN6: 특수학교 | AO6: □ 복지카드: 자폐성장애 중증(~2028.09.28.) | AQ6: 완료 | AR6: 완료
A7: 4 | B7: 시립토평마을어린이집 | D7: 3 | E7: 신주원 | F7: 남 | G7: 2020.08.16. | I7: O | J7: 자폐성장애 | K7: 자폐성장애 | L7: 중증 | M7: 경기도 구리시 검배로72번길 89, 3층 | N7: 부양초등학교 | O7: 특수학급 | Q7: 0.45 | R7: 부양초등학교 | S7: 특수학급 | U7: 0.45 | V7: 수택초등학교 | W7: 특수학급 | Y7: 1.1 | Z7: 교문초등학교 | AA7: 특수학급 | AC7: 1.1 | AD7: 010-3003-1574 | AO7: □ 복지카드: 자폐성장애 중증(~2032.01.14.) | AP7: 도보 기준 작성함. 자동차기준, 교문1.2 / 토평1.1 / 수택 1.9 | AQ7: 완료 | AR7: 완료
A8: 5 | B8: 시립토평마을어린이집 | D8: 3 | E8: 김서하 | F8: 남 | G8: 2020.07.15. | I8: O | J8: 청각장애 | K8: 청각장애 | L8: 중증 | M8: 경기도 구리시 검배로 142 204동, 1104호(SK신일아파트) | N8: 수택초등학교 | O8: 특수학급 | Q8: 0.237 | R8: 수택초등학교 | S8: 특수학급 | U8: 0.237 | V8: 수택초등학교 | W8: 일반학급 | Y8: 0.237 | AD8: 010-9133-1701 | AO8: □ 복지카드: 청각장애 중증(유효기한 없음) | AP8: 쌍둥이(김루하)와 동일교 배치 희망, 등본제출함 | AQ8: 완료 | AR8: 완료
A9: 6 | B9: 시립토평마을어린이집 | D9: 3 | E9: 김루하 | F9: 남 | G9: 2020.07.15. | I9: O | J9: 청각장애 | K9: 청각장애 | L9: 경증 | M9: 경기도 구리시 검배로 142 204동, 1104호(SK신일아파트) | N9: 수택초등학교 | O9: 특수학급 | Q9: 0.237 | R9: 수택초등학교 | S9: 특수학급 | U9: 0.237 | V9: 수택초등학교 | W9: 일반학급 | Y9: 0.237 | AD9: 010-9133-1701 | AO9: □ 복지카드: 청각장애 경증(~2028.07.28) | AP9: 쌍둥이(김서하)와 동일교 배치 희망, 등본제출함 | AQ9: 완료 | AR9: 완료
A10: 7 | B10: 화도어린이집 | D10: 3 | E10: 김로건 | F10: 남 | G10: 2020.10.12. | I10: O | J10: 자폐성장애 | K10: 자폐성장애 | L10: 중증 | M10: 경기도 남양주시 화도읍 북한강로 1503번길2, 2층 | N10: 금남초등학교 | O10: 일반학급 | Q10: 0.05 | R10: 금남초등학교 | S10: 일반학급 | U10: 0.05 | AD10: 010-5350-1095 | AO10: □ 복지카드: 자폐성장애 중증(~2029.10.10.) | AQ10: 완료 | AR10: 완료
A11: 8 | B11: 장현새싹어린이집 | D11: 3 | E11: 오태희 | F11: 여 | G11: 2020.04.17. | I11: O | J11: 발달지체 | M11: 경기도 남양주시 진접읍 장현로 87번길 9, 남양주택 라동 403호 | N11: 장현초등학교 | O11: 특수학급 | Q11: 0.1 | R11: 장현초등학교 | S11: 특수학급 | U11: 0.1 | V11: 장현초등학교 | W11: 일반학급 | Y11: 0.1 | AD11: 010-2895-1244 | AO11: 진단평가 필요 | AQ11: 완료 | AR11: 완료
A12: 9 | B12: 구리시립갈매어린이집 | D12: 3 | E12: 이인규 | F12: 남 | G12: 2020.11.12. | I12: O | J12: 의사소통장애 (지적장애 범주이나, 검사결과 신뢰X, 발달지체?, 심층관찰 시 자폐 성향) | M12: 경기도 남양주시 퇴계원읍 도제원로 89-1, 102동 301호(삼성하이츠) | N12: 퇴계원초등학교 | O12: 특수학급 | Q12: 1.1 | R12: 퇴계원초등학교 | S12: 특수학급 | U12: 1.1 | V12: 도제원초등학교 | W12: 특수학급 | Y12: 1.1 | Z12: 내양초등학교 | AA12: 특수학급 | AC12: 2.4 | AD12: 010-4397-1648 | AF12: 구리남양주 | AG12: 경은학교 | AH12: 특수학교 | AI12: 구리남양주 | AJ12: 복합특수학급 신설 | AK12: 복합특수학급 | AO12: ※2026년 7월 9일 검사 실시 □K-WPPSI-IV: 전체IQ 40 (언어이해 45, 시공간 79, 유동추론 45, 작업기억 45, 처리속도 45/매우 낮음) □적응행동검사: 표준점수 54(상당히 저조한 수준) □사회성숙도: SA 1세 11개월, SQ 35.30(중등도) | AQ12: 완료 | AR12: 완료
A13: 10 | B13: 다산아이사랑어린이집 | D13: 3 | E13: 정이안 | F13: 여 | G13: 2020.08.10. | I13: O | J13: 자폐성장애 | K13: 발급중 | M13: 경기도 남양주시 다산중앙로82번길 12, 5302동 2502호(다산자연앤 이편한세상 3차) | N13: 다산새봄초등학교 | O13: 특수학급 | Q13: 0.385 | R13: 다산새봄초등학교 | S13: 특수학급 | U13: 0.385 | V13: 다산가람초등학교 | W13: 특수학급 | Y13: 0.878 | Z13: 남양주다산초등학교 | AA13: 특수학급 | AC13: 1.2 | AD13: 010-6641-1224 | AO13: ※ 6월 중 복지카드 발급 예정 / 7월중말로 연기 | AP13: *비장애 쌍둥이와 동일교 배치 희망 *2027년 1~2월 중 이사 예정, 그러나 이사 예정지와 입주일이 불명확하여 10월 말까지 계약서가 나오면 별도 연락주기로 함. | AQ13: 미흡 | AR13: 미흡
A14: 11 | B14: 시립호평어린이집 | D14: 3 | E14: 김다원 | F14: 남 | G14: 2020.08.09. | I14: O | J14: 청각장애 | K14: 청각장애 | L14: 중증 | M14: 경기도 남양주시 평내로 104, 1905동 503호 | N14: 남양주백봉초등학교 | O14: 특수학급 | Q14: 0.159 | R14: 남양주백봉초등학교 | S14: 특수학급 | U14: 0.159 | V14: 남양주백봉초등학교 | W14: 일반학급 | Y14: 0.159 | AD14: 010-9220-1146 | AO14: □ 복지카드: 청각장애 중증(유효기한 없음) | AQ14: 완료 | AR14: 완료
A15: 12 | B15: 하람어린이집 | D15: 3 | E15: 김하건 | F15: 남 | G15: 2020.07.16. | I15: O | J15: 자폐성장애 | K15: 자폐성장애 | L15: 중증 | M15: 경기도 구리시 산마루로 46, 409동 1302호 | N15: 갈매초등학교 | O15: 특수학급 | Q15: 0.649 | R15: 갈매초등학교 | S15: 특수학급 | U15: 0.649 | V15: 산마루초등학교 | W15: 특수학급 | Y15: 0.433 | Z15: 한별초등학교 | AA15: 특수학급 | AC15: 2.5 | AD15: 010-4714-7728 | AO15: □ 복지카드: 자폐성장애 중증(~2029.06.21.) | AQ15: 완료 | AR15: 완료
A16: 13 | B16: 오남복지어린이집 | D16: 3 | E16: 이지오 | F16: 남 | G16: 2020.04.23. | I16: O | J16: 자폐성장애 | K16: 자폐성장애 | L16: 중증 | M16: 경기도 남양주시 오남읍 진건오남로759번길 5, 101동 207호(보영아파트) | N16: 오남초등학교 | O16: 특수학급 | Q16: 0.837 | R16: 오남초등학교 | S16: 특수학급 | U16: 0.837 | V16: 남양주양지초등학교 | W16: 특수학급 | Y16: 0.97 | Z16: 양오초등학교 | AA16: 특수학급 | AC16: 1.8 | AD16: 010-8899-3796 | AF16: 구리남양주 | AG16: 복합특수학급 신설 | AH16: 복합특수학급 | AO16: □ 복지카드: 자폐성장애 중증(~2032.02.26.) | AQ16: 완료 | AR16: 완료
A17: 14 | B17: 시립미사어린이집 | D17: 3 | E17: 한준영 | F17: 남 | G17: 2020.04.07. | I17: O | J17: 지적장애 (중도중복 가능) | K17: 지적·뇌병변장애 | L17: 중증 | M17: 경기도 남양주시 천마산로12번길 19-10, 101동 404호(메종드힐) | N17: 호평초등학교 | O17: 특수학급 | Q17: 0.935 | R17: 호평초등학교 | S17: 특수학급 | U17: 0.935 | V17: 판곡초등학교 | W17: 특수학급 | Y17: 1.1 | Z17: 구룡초등학교 | AA17: 특수학급 | AC17: 1.4 | AD17: 010-5219-0736 | AF17: 구리남양주 | AG17: 경은학교 | AH17: 특수학교 | AI17: 의정부 | AJ17: 송민학교 | AK17: 특수학교 | AO17: □ 복지카드: 지적·뇌병변장애 중증(~2027.11.09.) □ 장애인증명서 지적(심한), 뇌병변(심한) 제출 | AP17: 특수학교 입학 불가 시 유예 희망 | AQ17: 완료 | AR17: 완료
A18: 15 | B18: 시립진접어린이집 | D18: 3 | E18: 박준상 | F18: 남 | G18: 2020.06.02. | I18: O | J18: 자폐성장애 | K18: 자폐성장애 | L18: 중증 | M18: 경기도 남양주시 진접읍 금강로 1530-14, 102동 301호(진접하우스토리) | N18: 장승초등학교 | O18: 특수학급 | Q18: 0.675 | R18: 장승초등학교 | S18: 특수학급 | U18: 0.675 | V18: 해밀초등학교 | W18: 특수학급 | Y18: 1.4 | Z18: 진접초등학교 | AA18: 특수학급 | AC18: 1.4 | AD18: 010-8963-3676 | AO18: □ 복지카드: 자폐성장애 중증(~2032.05.20.) | AP18: *장승초에 재학 중인 장애 형제와 동일교 배치 희망 *형제 재학증명서 추가 제출 전화 요청하고 받았음 | AQ18: 완료 | AR18: 완료
A19: 16 | B19: 시립다산아이편한어린이집 | D19: 3 | E19: 윤수아 | F19: 여 | G19: 2020.08.13. | I19: O | J19: 자폐성장애 | K19: 자폐성장애 | L19: 중증 | M19: 경기도 남양주시 다산중앙로 82번안길 74, 605동 305호(다산푸르지오) | N19: 다산별빛초등학교 | O19: 특수학급 | Q19: 0.515 | R19: 다산별빛초등학교 | S19: 특수학급 | U19: 0.545 | V19: 금교초등학교 | W19: 특수학급 | Y19: 0.209 | Z19: 남양주양정초등학교 | AA19: 특수학급 | AC19: 0.969 | AD19: 010-4760-2025 | AO19: □ 복지카드: 자폐성장애 중증(~2032.02.16.) | AQ19: 완료 | AR19: 완료
A20: 17 | B20: 무지개유치원 | D20: 3 | E20: 김서진 | F20: 남 | G20: 2020.11.12. | I20: O | J20: 발달지체 | M20: 경기도 남양주시 덕소로 2번길 39, 덕소강변삼익@ 108동 1502호 | N20: 덕소초등학교 | O20: 특수학급 | Q20: 0.99 | R20: 덕소초등학교 | S20: 특수학급 | U20: 0.99 | V20: 도곡초등학교 | W20: 특수학급 | Y20: 1.2 | Z20: 예봉초등학교 | AA20: 특수학급 | AC20: 1.9 | AD20: 010-4745-1367 | AO20: 26.6.26에 병원에서 윕시 검사 실시, 검사결과 유치원으로 제출 안내완 사회성숙도 추가실시 | AP20: 의뢰서 수정공문 요청. / 배치유형, 등본확인 / 6.26에 외부 평가 실시함 / 양식 수정본과 함께 결과 보고서 공문으로 받아야함 | AQ20: 미흡 | AR20: 미흡
A21: 18 | B21: 남양주신촌초등학교병설유치원 | C21: 특수학급 | D21: 3 | E21: 강민찬 | F21: 남 | G21: 2020.01.08. | H21: O | J21: 발달지체 (자폐성장애 가능) | M21: 경기도 남양주시 평내로 89, 1302동 2003호 | N21: 장내초등학교 | O21: 특수학급 | Q21: 0.36 | R21: 장내초등학교 | S21: 특수학급 | U21: 0.36 | V21: 남양주신촌초등학교 | W21: 특수학급 | Y21: 0.43 | Z21: 백봉초등학교 | AA21: 특수학급 | AC21: 0.55 | AD21: 010-6239-9038 | AO21: ※심리평가보고서(2026.5.14.) □K-WPPSI-IV: 전체IQ 40 (언어이해 45, 시공간 46, 유동추론 45, 작업기억 45, 처리속도 45/매우낮음) □사회성숙도: SA 2세 4개월, SQ 38.07(매우낮음) □K-CARS-Ⅱ(ST): 총점 35점(경도에서 중등도 수준의 자폐 관련 행동) -CBCL, 적응행동검사 추기실시? | AP21: 발달지체로 작성했지만 자폐성장애로 유형 변경 가능성 인지 진단서: 소아기 자폐증(임상적 추정) | AQ21: 완료 | AR21: 완료
A22: 19 | B22: 시립토평마을어린이집 | D22: 3 | E22: 박규빈 | F22: 남 | G22: 2020.07.17. | I22: O | J22: 자폐성장애 | K22: 자폐성장애 | L22: 중증 | M22: 경기도 남양주시 다산중앙로146번길7, 2202동 1101호(다산동, 다산롯데캐슬) | N22: 남양주다산초등학교 | O22: 특수학급 | Q22: 0.307 | R22: 남양주다산초등학교 | S22: 특수학급 | U22: 0.307 | V22: 다산새봄초등학교 | W22: 특수학급 | Y22: 0.869 | Z22: 다산하늘초등학교 | AA22: 특수학급 | AC22: 1 | AD22: 010-7320-1455 | AF22: 구리남양주 | AG22: 경은학교 | AH22: 특수학교 | AI22: 구리남양주 | AJ22: 복합특수학급 신설 | AO22: □ 복지카드: 자폐성장애 중증(~2032.06.19.) | AP22: 도보 통학 기준 / 2,3희망교 바뀜. | AQ22: 완료 | AR22: 완료
A23: 20 | B23: 시립와부어린이집 | D23: 3 | E23: 이아윤 | F23: 여 | G23: 2020.05.28 | I23: O | J23: 자폐성장애 | K23: 자폐성장애 | L23: 중증 | M23: 경기도 남양주시 와부읍 덕소로 150, 강변현대아파트 102동 1304호 | N23: 남양주도곡초등학교 | O23: 특수학급 | Q23: 0.359 | R23: 남양주도곡초등학교 | S23: 특수학급 | U23: 0.359 | V23: 덕소초등학교 | W23: 특수학급 | Y23: 0.98 | Z23: 예봉초등학교 | AA23: 특수학급 | AC23: 1.8 | AD23: 010-4188-6163 | AO23: □ 복지카드: 자폐성장애 중증(2032. 07. 20.) | AP23: 복지카드 추가 제출 받아야 / 완료 | AQ23: 미흡 | AR23: 완료
A24: 21 | B24: 동그라미어린이집 | D24: 3 | E24: 박태연 | F24: 여 | G24: 2020.06.25. | I24: O | J24: 지적장애 | M24: 경기도 남양주시 화도읍 비룡로 186, 110동 304호 | N24: 가곡초등학교 | O24: 특수학급 | Q24: 2.2 | R24: 가곡초등학교 | S24: 특수학급 | U24: 2.2 | V24: 화도초등학교 | W24: 특수학급 | Y24: 1.3 | Z24: 남양주송라초등학교 | AA24: 특수학급 | AC24: 2.1 | AD24: 010-5092-4027 | AO24: ※심리평가보고서 □ 지능검사 결과(08.04. 결과지 수령 예정), □ 사회성숙도: SA 3세 11개월, SQ 65.1(경도) □ 적응행동검사: 표준점수 71 (저조한 수준) ※심리평가보고서(2025.7.1.)(CA 60개월시점) □PRES: 수용언어 70점 (3세6개월/2%ile) , 표현언어 81.67점 (4세 1 개월/6%ile) □U-TAP2: 자음정확도 63.83% (<1%ile/중도) | AP24: 지능검사 결과 8월초 추가 예정 | AQ24: 미흡 | AR24: 미흡
A25: 22 | B25: 다산자이폴라리스어린이집 | D25: 3 | E25: 박재하 | F25: 남 | G25: 2020.09.03. | I25: O | J25: 자폐성장애 | K25: 자폐성장애 | L25: 중증 | M25: 경기도 남양주시 다산순환로 242, 다산자이폴라리스 1404동 603호 | N25: 다산하늘초등학교 | O25: 특수학급 | Q25: 0.57 | R25: 다산하늘초등학교 | S25: 특수학급 | U25: 0.57 | V25: 남양주다산초등학교 | W25: 특수학급 | Y25: 1.1 | Z25: 다산새봄초등학교 | AA25: 특수학급 | AC25: 1.8 | AD25: 010-3074-5250 | AO25: □ 복지카드: 자폐성장애 중증(~2032.06.08.) | AQ25: 완료 | AR25: 완료
A26: 23 | B26: 화도어린이집 | D26: 3 | E26: 조민채 | F26: 여 | G26: 2020.06.10. | I26: O | J26: 지적장애 | K26: 지적뇌병변장애 | L26: 중증 | M26: 경기도 남양주시 화도읍 수레로 1105-27, 204-804 | N26: 차산초등학교 | O26: 특수학급 | Q26: 0.4 | R26: 차산초등학교 | S26: 특수학급 | U26: 0.4 | V26: 창현초등학교 | W26: 특수학급 | Y26: 1.6 | Z26: 마석초등학교 | AA26: 특수학급 | AC26: 2.1 | AD26: 010-8485-8640 | AO26: □ 복지카드: 지적뇌병변장애 중증(~2026.10.15.) | AP26: 장애인증명서 추가 제출 예정 / 지적,뇌병변에서 지적으로 변경 예정 / 7월중 이메일로 예정. 문자 보냄. / 들어옴 | AQ26: 미흡 | AR26: 완료
A27: 24 | B27: 안델센어린이집 | D27: 3 | E27: 홍나예 | F27: 여 | G27: 2020.02.16. | I27: O | J27: 지적장애 (발달지체로 신청) | M27: 경기도 구리시 안골로20번길 8-17, 101호 | N27: 교문초등학교 | O27: 특수학급 | Q27: 0.227 | R27: 교문초등학교 | S27: 특수학급 | U27: 0.227 | V27: 도림초등학교 | W27: 특수학급 | Y27: 0.45 | Z27: 백문초등학교 | AA27: 특수학급 | AC27: 0.9 | AD27: 010-6622-6482 | AO27: ※2026년 7월 9일 검사 실시 □K-WISC-V: 전체IQ 48(언어이해 50, 시공간 70, 유동추론 60, 작업기억 53, 처리속도 55/매우 낮음) □적응행동검사: 표준점수 70(저조한 수준) □사회성숙도: SA 3세 0개월, SQ 47.39(중등도) | AQ27: 완료 | AR27: 완료
A28: 25 | B28: 진접어린이집 | D28: 3 | E28: 박서준 | F28: 남 | G28: 2020.12.02. | I28: O | J28: 발달지체 | M28: 경기도 남양주시 진접읍 진벌로 78-17 진하우스 나동301호 | N28: 광릉초등학교 | O28: 특수학급 | Q28: 0.654 | R28: 광릉초등학교 | S28: 특수학급 | U28: 0.654 | V28: 부평초등학교 | W28: 특수학급 | Y28: 2.2 | Z28: 장승초등학교 | AA28: 특수학급 | AC28: 3.3 | AD28: 010-5028-2212 | AO28: ※2026년 3월 3일 검사 실시 □K-WPPSI-IV: 전체IQ 80 (언어이해 71, 시공간 120, 유동추론 69, 작업기억 89, 처리속도 84/평균 이하) *GAI 지표점수 87(평균 이하) □사회성숙도: SA 3세 9개월, SQ 78.8(경계선) □적응행동검사: 표준점수 73(저조한 수준) ※2026년 3월 18일 언어검사 실시(검사당시 5세 3개월) □PRES: 수용언어 31점 (4세4개월/5%ile) , 표현언어 30점 (3세 11 개월/5%ile), 통합언어 50개월(4세 2개월) □U-TAP2: 자음정확도 62.77% (-2SD/조음치료 요망) | AP28: -26년4월 유치 상시 평가결과 활용 -26년4월 상시 부평초병유 배치 후 5월에 바로 취소(방과후 문제) | AQ28: 완료 | AR28: 완료
A29: 26 | B29: 남양주다산유치원 | C29: 특수학급 | D29: 3 | E29: 김기윤 | F29: 남 | G29: 2020.04.27. | H29: O | J29: 자폐성장애 (현 발달지체) | K29: 자폐성·언어장애 | L29: 중증 | M29: 경기도 남양주시 다산중앙로 82번길 15 다산이편한세상 5102동 2303호 | N29: 다산새봄초등학교 | O29: 특수학급 | Q29: 0.44 | R29: 다산새봄초등학교 | S29: 특수학급 | U29: 0.44 | V29: 남양주다산초등학교 | W29: 특수학급 | Y29: 0.88 | Z29: 다산하늘초등학교 | AA29: 특수학급 | AC29: 1.4 | AD29: 010-2606-2684 | AO29: □ 복지카드: 자폐성,언어장애 중증(~2027.08.02.) | AP29: 서식1,2,4 수정 완료 | AQ29: 완료 | AR29: 완료
A30: 27 | B30: 다움어린이집 | D30: 3 | E30: 이예찬 | F30: 남 | G30: 2019.06.24. | I30: O | J30: 자폐성장애 | K30: 자폐성장애 | L30: 심한 | M30: 경기도 남양주시 화도읍 먹갓로 28번길 39-12 신강남 가-102호 | N30: 천마초등학교 | O30: 특수학급 | Q30: 0.12 | R30: 천마초등학교 | S30: 특수학급 | U30: 0.12 | V30: 은솔초등학교 | W30: 특수학급 | Y30: 2.2 | Z30: 남양주송라초등학교 | AA30: 특수학급 | AC30: 2.4 | AD30: 010-3217-6485 | AF30: 구리남양주 | AG30: 경은학교 | AH30: 특수학교 | AI30: 의정부 | AJ30: 송민학교 | AK30: 특수학교 | AL30: 구리남양주 | AM30: 복합특수학급신설 | AO30: □ 장애인증명서: 자폐성장애 심한 | AQ30: 완료 | AR30: 완료
A31: 28 | B31: 남양주덕송초등학교병설유치원 | D31: 3 | E31: 이지효 | F31: 여 | G31: 2020.12.08. | I31: O | J31: 지적장애 | M31: 경기도 남양주시 순화궁로 458-16, 1704동 1204호(별내동, 별내퍼스트포레) | N31: 남양주덕송초등학교 | O31: 특수학급 | Q31: 0.8 | R31: 남양주덕송초등학교 | S31: 특수학급 | U31: 0.8 | V31: 샛별초등학교 | W31: 특수학급 | Y31: 1.5 | Z31: 별가람초등학교 | AA31: 특수학급 | AC31: 1.8 | AD31: 010-9857-2024 | AO31: ※심리평가보고서(2025.12.19.) □K-WPPSI-IV: 전체IQ 59 (언어이해 59, 시공간 82, 유동추론 63, 작업기억 73, 처리속도 78/매우낮음) □사회성숙도: SA 4세 0개월, SQ 80(경계선) □적응행동검사: 표준점수 56(상당히 저조한 수준) | AP31: 적응행동검사 요청 / 장애유형 기재 / 한셀 장애유형 확인 / 수정공문 완료 | AQ31: 완료 | AR31: 완료
A32: 29 | B32: 호평한마음어린이집 | D32: 3 | E32: 정모건 | F32: 남 | G32: 2020.01.15. | I32: O | J32: 발달지체 | M32: 경기도 남양주시 천마산로 65-2 103동 1503호(라인그린아파트) | N32: 호평초등학교 | O32: 특수학급 | Q32: 0.35 | R32: 호평초등학교 | S32: 특수학급 | U32: 0.35 | V32: 판곡초등학교 | W32: 특수학급 | Y32: 1.9 | Z32: 구룡초등학교 | AA32: 특수학급 | AC32: 2.1 | AD32: 010-2045-9252 | AO32: ※심리평가보고서(2025.7.31.) □K-WPPSI-IV: 전체IQ 43 (언어이해 50, 시공간 46, 유동추론 51, 작업기억 79, 처리속도 50/매우낮음) □K-CARS-Ⅱ(ST): 총점 28.5점(증상이 없거나 최소한의 자폐 관련 행동) □K-vineland-Ⅱ: 46(낮음/백분위0.1/%ile) ※심리평가보고서(2025.8.7.) □PRES: 수용언어 25개월 2%ile 미만, 표현언어 23개월 2%ile 미만, 통합언어 24개월, 3년 이상 지연 | AP32: 추후 장애등록&장애유형변경 예정 | AQ32: 완료 | AR32: 완료
A33: 30 | B33: 남양주도담유치원 | C33: 특수학급 | D33: 3 | E33: 윤시우 | F33: 남 | G33: 2020.01.07. | H33: O | J33: 발달지체 | M33: 경기도 남양주시 진접읍 봉현로 36번길 11-1, 105동 506호(삼신아파트) | N33: 장현초등학교 | O33: 특수학급 | Q33: 0.2 | R33: 장현초등학교 | S33: 특수학급 | U33: 0.2 | V33: 화봉초등학교 | W33: 특수학급 | Y33: 2.2 | Z33: 장승초등학교 | AA33: 특수학급 | AC33: 2.5 | AD33: 010-4903-3602 | AF33: 구리남양주 | AG33: 경은학교 | AH33: 특수학교 | AI33: 구리남양주 | AJ33: 복합특수학급신설 | AP33: 장애등록X, 특수학급학생, 최근거리교 확인 및 수정, 한셀시트2 추가 요청 / 수정공문 완료 | AQ33: 완료 | AR33: 완료
A34: 31 | B34: 창현유치원 | C34: 특수학급 | D34: 3 | E34: 권우주 | F34: 남 | G34: 2020.08.23. | H34: O | J34: 발달지체 | M34: 경기도 남양주시 화도읍 녹촌로 51, 신창현두산위브 104동 1101호 | N34: 창현초등학교 | O34: 특수학급 | Q34: 0.589 | R34: 창현초등학교 | S34: 특수학급 | U34: 0.589 | V34: 은솔초등학교 | W34: 특수학급 | Y34: 1.3 | Z34: 마석초등학교 | AA34: 특수학급 | AC34: 1.3 | AD34: 010-4330-0124 | AP34: 서식2 장애명 지체장애로 기재. / 발달지체로 수정공문 들어옴 | AQ34: 완료 | AR34: 완료
A35: 32 | B35: 창현유치원 | C35: 특수학급 | D35: 3 | E35: 이로운 | F35: 남 | G35: 2020.03.07. | H35: O | J35: 자폐성장애 | M35: 경기도 남양주시 화도읍 경춘보학2길 30, 101-1901(라온프라이빗) | N35: 은솔초등학교 | O35: 특수학급 | Q35: 0.25 | R35: 은솔초등학교 | S35: 특수학급 | U35: 0.25 | V35: 남양주송라초등학교 | W35: 특수학급 | Y35: 1.1 | Z35: 창현초등학교 | AA35: 특수학급 | AC35: 1.3 | AD35: 010-8964-0732 | AP35: 희망교 거리 체크 후 바뀜. (창현,마석>송라,창현) | AQ35: 완료 | AR35: 완료
A36: 33 | B36: 창현유치원 | C36: 특수학급 | D36: 3 | E36: 최은우 | F36: 남 | G36: 2020.01.14. | H36: O | J36: 발달지체 | M36: 경기도 남양주시 화도읍 창현로 45, 104동 601호(신창현도뮤토아파트) | N36: 마석초등학교 | O36: 특수학급 | Q36: 0.76 | R36: 마석초등학교 | S36: 특수학급 | U36: 0.76 | V36: 창현초등학교 | W36: 특수학급 | Y36: 0.32 | Z36: 은솔초등학교 | AA36: 특수학급 | AC36: 1.3 | AD36: 010-5555-9213 | AF36: 구리남양주 | AG36: 경은학교 | AH36: 특수학교 | AI36: 구리남양주 | AJ36: 복합특수학급신설 | AL36: 광주하남 | AM36: 성광학교 | AN36: 특수학교 | AP36: 장애유형, 특수학교 희망교 수정 요청 / 최근거리는 창현초이지만, 학구가 마석초등학교임 / 발달지체로 서식1,2 수정공문 들어옴 | AQ36: 완료 | AR36: 완료
A37: 34 | B37: 부양초등학교병설유치원 | C37: 일반학급 | D37: 3 | E37: 서민재 | F37: 남 | G37: 2020.12.07. | H37: O | J37: 발달지체 | M37: 경기도 구리시 체육관로 66 대림한숲@ 105-1407 | N37: 부양초등학교 | O37: 특수학급 | Q37: 0.47 | R37: 부양초등학교 | S37: 특수학급 | U37: 0.47 | V37: 백문초등학교 | W37: 특수학급 | Y37: 0.97 | Z37: 토평초등학교 | AA37: 특수학급 | AC37: 1.1 | AD37: 010-7737-6854 | AP37: 주소 확인자 서명 누락. 수정요청. / 수정완료 | AQ37: 완료 | AR37: 완료
A38: 35 | B38: 일본사이타마시립특별지원학교 | D38: 1 | E38: 양세린 | F38: 여 | G38: 2019.12.30. | I38: O | J38: 지적장애 | M38: 경기도 남양주시 다산중앙로82번길 106, 6401동 2605호 | N38: 다산별빛초등학교 | O38: 특수학급 | Q38: 0.321 | R38: 다산별빛초등학교 | S38: 특수학급 | U38: 0.321 | V38: 다산새봄초등학교 | W38: 특수학급 | Y38: 0.7 | Z38: 금교초등학교 | AA38: 특수학급 | AC38: 0.833 | AD38: 010-8175-2518 | AF38: 구리남양주 | AG38: 경은학교 | AH38: 특수학교 | AO38: ※2026년 1월 22일 검사 실시 □ K-WPPSI-Ⅳ: 전체IQ 41(언어이해 50, 시공간 46, 유동추론 45, 작업기억 45, 처리속도 45/매우 낮음) □ 사회성숙도: SA 2세8개월, SQ 44.66(중등도) □ 적응행동: 표준점수 51(상당히 저조한 수준) | AP38: 특수학교를 희망하나 일본에 거주 중이라, 7~8월 중 심층관찰 일정 협의 예정 | AQ38: 완료 | AR38: 완료
A39: 36 | B39: 시립하나어린이집 | D39: 3 | E39: 윤하진 | F39: 남 | G39: 2018.02.11. | I39: O | J39: 중도중복장애 | K39: 지적·뇌병변장애 | L39: 중증 | M39: 경기도 남양주시 화도읍 비룡로 56-8, 101동 1802호 | N39: 남양주송라초등학교 | O39: 특수학급 | Q39: 0.629 | R39: 남양주송라초등학교 | S39: 특수학급 | U39: 0.629 | V39: 마석초등학교 | W39: 특수학급 | Y39: 1.3 | Z39: 은솔초등학교 | AA39: 특수학급 | AC39: 1.4 | AD39: 010-4310-8179 | AF39: 구리남양주 | AG39: 경은학교 | AH39: 특수학교 | AO39: □ 복지카드: 지적·뇌병변장애 중증(~2030.10.24.) □ 장애인증명서(지적장애 심한장애, 뇌병변 심한장애, 2019.07.05.) | AP39: 장애인증명서 확인 필요 / 제출완료 | AQ39: 완료 | AR39: 완료
A40: 37 | B40: 평내초등학교병설유치원 | C40: 순회학급 | D40: 3 | E40: 김보라 | F40: 여 | G40: 2020.08.28. | H40: O | J40: 지체장애 | K40: 뇌병변 | L40: 중증 | M40: 경기도 남양주시 화도읍 녹촌로20, 101동1103호(신한토탈아파트) | N40: 창현초등학교 | O40: 특수학급 | Q40: 0.31 | R40: 마석초등학교 | S40: 순회학급 | U40: 0.984 | V40: 평동초등학교 | W40: 순회학급 | Y40: 6.1 | Z40: 남양주동곡초등학교 | AA40: 순회학급 | AC40: 11 | AD40: 010-6547-0279 | AF40: 구리남양주 | AG40: 복합특수학급신설 | AO40: □ 장애인증명서: 뇌병변 심한 | AP40: 순회학급 | AQ40: 완료 | AR40: 완료
A41: 38 | B41: 남양주송라초등학교병설유치원 | C41: 특수학급 | D41: 3 | E41: 김시원 | F41: 남 | G41: 2020.07.04. | H41: O | J41: 발달지체 | K41: 언어장애 | L41: 중증 | M41: 경기도 남양주시 화도읍 비룡로116번길35, 305동 303호(마석역신도브래뉴3차아파트) | N41: 화도초등학교 | O41: 일반학급 | Q41: 0.79 | AD41: 010-7524-3737 | AO41: □ 복지카드: 언어장애 심한(~2027.04.18.) | AQ41: 완료 | AR41: 완료
A42: 39 | B42: 남양주월산초등학교병설유치원 | C42: 특수학급 | D42: 3 | E42: 조이언 | F42: 남 | G42: 2020.11.18. | H42: O | J42: 발달지체 | M42: 경기도 남양주시 화도읍 비룡로 116번길35, 304동 903호 신도브래뉴3차 | N42: 화도초등학교 | O42: 특수학급 | Q42: 0.79 | R42: 화도초등학교 | S42: 특수학급 | U42: 0.79 | V42: 남양주송라초등학교 | W42: 특수학급 | Y42: 2.1 | Z42: 마석초등학교 | AA42: 특수학급 | AC42: 2.5 | AD42: 010-4355-5715 | AQ42: 완료 | AR42: 완료
A43: 40 | B43: 덕소초등학교병설유치원 | C43: 일반학급 | D43: 3 | E43: 박경민 | F43: 남 | G43: 2020.02.15. | H43: O | J43: 자폐성장애 | K43: 자폐성장애 | L43: 중증 | M43: 경기도 남양주시 와부읍 덕소로 71번길 9-18 | N43: 덕소초등학교 | O43: 특수학급 | Q43: 0.34 | R43: 덕소초등학교 | S43: 특수학급 | U43: 0.34 | V43: 예봉초등학교 | W43: 특수학급 | Y43: 1.4 | Z43: 남양주도곡초등학교 | AA43: 특수학급 | AC43: 1.4 | AD43: 010-3972-5994 | AO43: □ 복지카드: 자폐성장애 중증(~2028.12.27.) | AQ43: 완료 | AR43: 완료
A44: 41 | B44: 시립행복모아어린이집 | D44: 3 | E44: 김하린 | F44: 여 | G44: 2020.09.02. | I44: O | J44: 중도중복장애 | K44: 뇌병변장애 | L44: 중증 | M44: 경기도 남양주시 와부읍 덕소로 270, 113동 405호 | N44: 도심초등학교 | O44: 특수학급 | Q44: 1.5 | R44: 도심초등학교 | S44: 특수학급 | U44: 1.5 | V44: 남양주도곡초등학교 | W44: 특수학급 | Y44: 0.994 | Z44: 덕소초등학교 | AA44: 특수학급 | AC44: 2 | AD44: 010-4410-6462 | AF44: 구리남양주 | AG44: 경은학교 | AH44: 특수학교 | AI44: 구리남양주 | AJ44: 복합특수학급 신설 | AK44: 복합특수학급 | AO44: □ 복지카드: 뇌병변장애 중증(~2029.02.14.) □ 장애인증명서(지적장애 심한 장애, 뇌병변 심한 장애, 2026.06.12.) | AP44: *학구(도심초)가 최근거리교가 아님 | AQ44: 완료 | AR44: 완료
A45: 42 | B45: 랄라키즈어린이집 | D45: 3 | E45: 임준호 | F45: 남 | G45: 2020.04.17. | I45: O | J45: 자폐성장애 | M45: 경기도 남양주시 순화궁로 18, 4107동 302호(신안인스빌) | N45: 화접초등학교 | O45: 특수학급 | Q45: 0.832 | R45: 한별초등학교 | S45: 특수학급 | U45: 0.699 | V45: 화접초등학교 | W45: 특수학급 | Y45: 0.832 | Z45: 별가람초등학교 | AA45: 특수학급 | AC45: 1.9 | AD45: 010-7224-2726 | AO45: ※심리평가보고서(2026.03.16.) □ADOS-2: 총점26 (높음)(모듈1 시행, cut off 16) □사회성숙도: SA 2세 4개월, SQ 38(매우낮음) □K-CARS 2: 총점 39점(중도 수준의 자폐 관련 행동) --- ※2026년 7월 13일 검사 실시 □K-WISC-V: 전체IQ 40(언어이해 50, 시공간 50, 유동추론 50, 작업기억 53, 처리속도 55/매우 낮음) □적응행동검사: 표준점수 70(저조한 수준) □CBCL: 문제행동총점 63T(준임상범위), 내재화 61T(준임상범위), 외현화 61T(준임상범위) | AQ45: 완료 | AR45: 완료
A46: 43 | B46: 구지초등학교병설유치원 | C46: 특수학급 | D46: 3 | E46: 김시율 | F46: 여 | G46: 2020.08.12. | H46: O | J46: 자폐성장애 | K46: 자폐성장애 | L46: 중증 | M46: 경기도 구리시 경춘로 276번길 21, 105동202호 | N46: 구리초등학교 | O46: 특수학급 | Q46: 0.146 | R46: 구리초등학교 | S46: 특수학급 | U46: 0.146 | V46: 구지초등학교 | W46: 특수학급 | Y46: 1.2 | Z46: 동구초등학교 | AA46: 특수학급 | AC46: 1.4 | AD46: 010-5116-2446 | AE46: 한미선 | AF46: 구리남양주 | AG46: 경은학교 | AH46: 특수학교 | AO46: □ 복지카드: 자폐성장애 중증(~2031.12.30.) | AQ46: 완료 | AR46: 완료
A47: 44 | B47: 구지초등학교병설유치원 | C47: 특수학급 | D47: 3 | E47: 장바다 | F47: 남 | G47: 2020.09.04. | H47: O | J47: 발달지체 | M47: 경기도 구리시 건원대로 92, 104동 1603호 | N47: 동구초등학교 | O47: 특수학급 | Q47: 0.22 | R47: 구지초등학교 | S47: 특수학급 | U47: 0.428 | V47: 동구초등학교 | W47: 특수학급 | Y47: 0.22 | Z47: 동인초등학교 | AA47: 특수학급 | AC47: 1.4 | AD47: 010-3009-4806 | AE47: 한미선 | AP47: 최근거리는 동구초지만, 현재 재원중인 구지초병유의 또래 관계 유지 및 원만한 학교 적응을 위해 구지초를 1희망으로 신청 / 1,2희망교는 도보 | AQ47: 완료 | AR47: 완료
A48: 45 | B48: 남양주별빛유치원 | C48: 특수학급 | D48: 3 | E48: 민서연 | F48: 여 | G48: 2020.06.08. | H48: O | J48: 자폐성장애 (현 발달지체) | M48: 경기도 남양주시 식송2로 6-14, 202호 | N48: 화접초등학교 | O48: 특수학급 | Q48: 1.6 | R48: 별가람초등학교 | S48: 특수학급 | U48: 2.3 | V48: 화접초등학교 | W48: 특수학급 | Y48: 1.6 | Z48: 샛별초등학교 | AA48: 특수학급 | AC48: 1.9 | AD48: 010-8324-3699 | AE48: 황민지 | AO48: ※심리평가보고서(2026.06.08.) □ K-WPPSI-Ⅳ: 전체IQ 51(언어이해 45, 시공간 76, 유동추론 45, 작업기억 45, 처리속도 73/매우 낮음) □사회성숙도: SA 4세 3개월, SQ 72.6(경계선) □K-CARS 2: 총점 29점(증상이 없거나 최소한의 자폐 관련 행동) | AP48: 자폐로 유형변경, 서식1 서식2 수정해서 공문 추가 받음 *보호자는 자폐 기각되면 발달지체 유지 희망 *최근거리교 미희망 의견서 첨부 | AQ48: 완료 | AR48: 완료
A49: 46 | B49: 시립와부어린이집 | D49: 3 | E49: 이유나 | F49: 여 | G49: 2020.08.27. | I49: O | J49: 지적장애 | K49: 뇌병변장애 | L49: 중증 | M49: 경기도 남양주시 와부읍 덕소로 72, 101동 2402호 | N49: 덕소초등학교 | O49: 특수학급 | Q49: 0.53 | R49: 덕소초등학교 | S49: 특수학급 | U49: 0.53 | V49: 남양주도곡초등학교 | W49: 특수학급 | Y49: 1.3 | Z49: 예봉초등학교 | AA49: 특수학급 | AC49: 1.3 | AD49: 010-8864-1920 | AO49: □ 복지카드: 뇌병변장애 중증(~2026.12.01.) | AP49: 올해 7월 중 지적장애 복지카드 발급 위한 절차 시작예정, 10월까지 검사결과는 나올 것이라고는 하셨지만, 센터에서 검사를 받는 것도 번거롭진 않다고 하셔서 논의가 필요함. | AQ49: 미흡 | AR49: 미흡
A50: 47 | B50: 경은학교 | C50: 특수학교 | D50: 3 | E50: 김하람 | F50: 남 | G50: 2020.03.15. | H50: O | J50: 자폐성장애 (현 발달지체) | K50: 자폐성장애 | L50: 중증 | M50: 경기도 남양주시 별내면 68번길 24, 402동 2001호 | N50: 별내초등학교 | O50: 특수학급 | Q50: 0.711 | R50: 별내초등학교 | S50: 특수학급 | U50: 0.711 | V50: 샛별초등학교 | W50: 특수학급 | Y50: 5.5 | Z50: 남양주덕송초등학교 | AA50: 특수학급 | AC50: 6.2 | AD50: 010-4860-5847 | AE50: 손신애 | AF50: 구리남양주 | AG50: 경은학교 | AH50: 특수학교 | AO50: □ 복지카드: 자폐성장애 중증(~2031.10.03.) | AP50: 자폐로 장애유형 변경 요청 / 배치희망교 2,3순위 고산에서 샛별, 덕송으로 변경 요청 / 수정공문 완료 | AQ50: 완료 | AR50: 완료
A51: 48 | B51: 다산하늘초등학교병설유치원 | C51: 특수학급 | D51: 3 | E51: 배건률 | F51: 남 | G51: 2020.09.19. | H51: O | J51: 발달지체 | M51: 경기도 남양주시 다산중앙로 123번길 29, 3403동 604호(다산역 자연앤푸르지오) | N51: 다산가람초등학교 | O51: 특수학급 | Q51: 0.4 | R51: 다산하늘초등학교 | S51: 특수학급 | U51: 0.911 | V51: 다산가람초등학교 | W51: 특수학급 | Y51: 0.4 | Z51: 다산새봄초등학교 | AA51: 특수학급 | AC51: 0.92 | AD51: 010-7256-7277 | AE51: 정동희 | AP51: 최근거리교 병설유치원과의 다툼도 있었고, 현재 다니고 있는 병설유치원의 학교가 익숙해서 적응에 이점 / 객관적 증빙서류는 없음 | AQ51: 완료 | AR51: 완료
A52: 49 | B52: 시립토평마을어린이집 | D52: 3 | E52: 강규리 | F52: 여 | G52: 2020.06.22. | I52: O | J52: 자폐성장애 (발달지체??) | M52: 경기도 구리시 경춘로 207 롯데캐슬시그니처 106-1201 | N52: 인창초등학교 | O52: 일반학교 | Q52: 0.634 | R52: 인창초등학교 | S52: 일반학급 | U52: 0.634 | AD52: 010-9990-0433 | AO52: ※2026년 6월 16일 검사 실시 □ K-WPPSI-Ⅳ: 전체IQ 84(언어이해 103, 시공간 93, 유동추론 72, 작업기억 58, 처리속도 84/평균 하) □ 사회성숙도: SA 5세2개월, SQ 87.8() □CARS(HF): 총점 33.5점(경도에서 중등도 수준의 자폐 관련 행동) | AP52: 풀배터리 7.3.에 검사결과 나오고 바로 제출 예정 / 완료 | AQ52: 미흡 | AR52: 완료
A53: 50 | B53: 시립미사어린이집 | D53: 3 | E53: 박교빈 | F53: 남 | G53: 2020.10.19. | I53: O | J53: 지적장애 | K53: 지적·뇌병변장애 | L53: 심한 | M53: 경기도 구리시 장자대로37번길 55, 106동 1101호 | N53: 백문초등학교 | O53: 특수학급 | Q53: 0.81 | R53: 백문초등학교 | S53: 특수학급 | U53: 0.81 | V53: 도림초등학교 | W53: 특수학급 | Y53: 0.88 | Z53: 교문초등학교 | AA53: 특수학급 | AC53: 1.1 | AD53: 010-7640-7460 | AF53: 구리남양주 | AG53: 경은학교 | AH53: 특수학교 | AI53: 구리남양주 | AJ53: 복합특수학급 신설 | AK53: 복합특수학급 | AL53: 의정부 | AM53: 송민학교 | AN53: 특수학교 | AO53: □ 장애인증명서: 지적장애 심한·뇌병변장애 심하지 않은 (취득일: 2024.01.05.) | AP53: 복지카드 유효기한은 2027년 2월이나 장애인증명서 제출 | AQ53: 완료 | AR53: 완료
A54: 51 | B54: 영진햇살어린이집 | D54: 3 | E54: 최민재 | F54: 남 | G54: 2020.01.10. | I54: O | J54: 자폐성장애 | K54: 자폐성장애 | L54: 심한 | M54: 경기도 남양주시 화도읍 경춘로 1922번길 16, 202호 | N54: 마석초등학교 | O54: 특수학급 | Q54: 0.311 | R54: 마석초등학교 | S54: 특수학급 | U54: 0.311 | V54: 창현초등학교 | W54: 특수학급 | Y54: 0.768 | Z54: 남양주송라초등학교 | AA54: 특수학급 | AC54: 0.858 | AD54: 010-3361-0124 | AF54: 구리남양주 | AG54: 경은학교 | AH54: 특수학교 | AO54: □ 복지카드: 자폐성장애 중증(~2032.1.17.) | AP54: 특수학교 기각되면 취학유예 예정 | AQ54: 완료 | AR54: 완료
A55: 52 | B55: 시립갈매어린이집 | D55: 3 | E55: 구현모 | F55: 남 | G55: 2020.09.26. | I55: O | J55: 지적장애 | M55: 경기도 남양주시 불암산로97번길 22-27 | N55: 화접초등학교 | O55: 특수학급 | Q55: 2 | R55: 화접초등학교 | S55: 특수학급 | U55: 2 | V55: 한별초등하교 | W55: 특수학급 | Y55: 1.8 | Z55: 별가람초등학교 | AA55: 특수학급 | AC55: 3.2 | AD55: 010-8619-9799 | AO55: ※2026년 1월 5일 검사 실시 □ K-WPPSI-Ⅳ: 전체IQ 45(언어이해 50, 시공간 46, 유동추론 51, 작업기억 52, 처리속도 55/매우 낮음) □ 사회성숙도: SA 3세7개월, SQ 69(훈련가능 지적장애 수준) □CARS: 총점 22.5점(증상이 없거나 최소한의 자폐 관련 행동) ※2026년 6월 일 검사 실시 □ 적응행동: 표준점수( 수준) - 유아용으로 다시 받을 예정 | AP55: *학생 등본상 거주지와 보호자 등본상 거주지가 다르나 보호자는 학생과 구리남양주에서 실거주 중임. 등본과 가족관계증명서 추가제출 완료 *화접초 학구 *복지카드 7.22.수 10시 방문 예정 | AQ55: 미흡 | AR55: 미흡
A56: 53 | B56: 진접예랑어린이집 | D56: 3 | E56: 엄주환 | F56: 남 | G56: 2020.01.20. | I56: O | J56: 자폐성장애 | K56: 자폐성장애 | L56: 중증 | M56: 경기도 남양주시 진접읍 주곡로 109, 루나빌리지 가동 202호 | N56: 주곡초등학교 | O56: 특수학급 | Q56: 0.11 | R56: 주곡초등학교 | S56: 특수학급 | U56: 0.11 | V56: 주곡초등학교 | W56: 일반학급 | Y56: 0.11 | AD56: 010-3839-7969 | AO56: □ 복지카드: 자폐성장애 중증(~2031.04.05.) | AP56: 이미 주곡초에 재학 중인 형제자매와 동일교 입학을 원하여 등본 추가 제출 | AQ56: 완료 | AR56: 완료
A57: 54 | B57: 해오름어린이집 | D57: 3 | E57: 조하준 | F57: 남 | G57: 2020.01.30. | I57: O | J57: 자폐성장애 | K57: 자폐성장애 | L57: 중증 | M57: 경기도 남양주시 진접읍 부평로 41, 203동 401호 | N57: 부평초등학교 | O57: 일반학급 | Q57: 0.44 | R57: 부평초등학교 | S57: 일반학급 | U57: 0.44 | AD57: 010-7238-8113 | AO57: □ 복지카드: 자폐성장애 중증(~2032.01.17.) | AQ57: 완료 | AR57: 완료
A58: 55 | B58: 다산하늘빛유치원 | C58: 특수학급 | D58: 3 | E58: 강윤채 | F58: 여 | G58: 2020.03.31 | H58: O | J58: 청각장애 | K58: 청각장애 | L58: 중증 | M58: 경기도 남양주시 다산순환로300, 2104-1201 | N58: 남양주다산초등학교 | O58: 특수학급 | Q58: 0.8 | R58: 남양주다산초등학교 | S58: 특수학급 | U58: 0.8 | V58: 다산하늘초등학교 | W58: 특수학급 | Y58: 0.926 | Z58: 다산새봄초등학교 | AA58: 특수학급 | AC58: 1.3 | AD58: 010-4727-8865 | AE58: 서민지 | AO58: □ 복지카드: 청각장애 중증(제한없음) | AQ58: 완료 | AR58: 완료
A59: 56 | B59: 다산하늘빛유치원 | C59: 특수학급 | D59: 3 | E59: 박채호 | F59: 남 | G59: 2020.05.21 | H59: O | J59: 발달지체 | M59: 경기도 남양주시 다산순환로333, 2403-901 | N59: 남양주다산초등학교 | O59: 특수학급 | Q59: 0.2 | R59: 남양주다산초등학교 | S59: 특수학급 | U59: 0.2 | V59: 다산새봄초등학교 | W59: 특수학급 | Y59: 0.866 | Z59: 다산하늘초등학교 | AA59: 특수학급 | AC59: 1.2 | AD59: 010-7777-6007 | AE59: 서민지 | AQ59: 완료 | AR59: 완료
A60: 57 | B60: 다산하늘빛유치원 | C60: 특수학급 | D60: 3 | E60: 이정우 | F60: 남 | G60: 2020.07.22 | H60: O | J60: 발달지체 | M60: 경기도 남양주시 다산순환로311, 2304-1301 | N60: 남양주다산초등학교 | O60: 특수학급 | Q60: 0.634 | R60: 남양주다산초등학교 | S60: 특수학급 | U60: 0.634 | V60: 다산하늘초등학교 | W60: 특수학급 | Y60: 0.855 | Z60: 다산새봄초등학교 | AA60: 특수학급 | AC60: 1.1 | AD60: 010-8447-6557 | AE60: 서민지 | AP60: 3희망 다산한강초 해당없음. 증빙서류,사유도 없음. / 3희망 다산하늘초로 변경예정, 2명은 취소임 / 수정완료 2희망 하늘초, 3희망 새봄초로 내가 변경 | AQ60: 완료 | AR60: 완료
A61: 58 | B61: 시립하나어린이집 | D61: 3 | E61: 유태영 | F61: 남 | G61: 2019.11.18. | I61: O | J61: 지적장애 | K61: 지적장애 발급중 | M61: 경기도 남양주시 화도읍 경춘로 2290번길2, 105동102호 | N61: 남양주월산초등학교 | O61: 특수학급 | Q61: 0.375 | R61: 남양주월산초등학교 | S61: 특수학급 | U61: 0.375 | V61: 마석초등학교 | W61: 특수학급 | Y61: 3.9 | Z61: 남양주송라초등학교 | AA61: 특수학급 | AC61: 4.5 | AD61: 010-7105-1116 | AF61: 구리남양주 | AG61: 경은학교 | AH61: 특수학교 | AO61: □ 장애인증명서: 지적장애 심한장애(~26.3.20.) □ 진단서: 상세불명의 다운증후군(26.2.19.) | AP61: 경은 기각되면 취학유예, 복지카드 발급중 | AQ61: 완료 | AR61: 완료
A62: 59 | B62: 시립토평마을어린이집 | D62: 3 | E62: 장도윤 | F62: 남 | G62: 2020.07.15. | I62: O | J62: 지체장애 | M62: 경기도 구리시 검배로 15번길11, 201호 | N62: 구리초등학교 | O62: 특수학급 | Q62: 0.675 | R62: 구리초등학교 | S62: 특수학급 | U62: 0.675 | V62: 구지초등학교 | W62: 특수학급 | Y62: 1 | Z62: 교문초등학교 | AA62: 특수학급 | AC62: 1.1 | AD62: 010-2078-2944 | AO62: ※심리평가보고서(2026.06.08.) □ K-WPPSI-Ⅳ: 전체IQ 69(언어이해 98, 시공간 49, 유동추론 78, 작업기억 83, 처리속도 67/매우 낮음) □사회성숙도: SA 3세 7개월, SQ 73(경계선) □VMI, CARS-2, PRES 등 기타 원본 참고 | AP62: 뇌병변 복지카드 발급중(8월 예상) | AQ62: 미흡 | AR62: 미흡
A63: 60 | B63: 곡교어린이집 | D63: 3 | E63: 강경민 | F63: 남 | G63: 2020.06.24. | I63: O | J63: 지적장애 | M63: 경기도 남양주시 와부읍 덕소로 97번길 12, 207동104호 (7월31일 강동구에서 거주지 이전) | N63: 덕소초등학교 | O63: 특수학급 | Q63: 0.452 | R63: 덕소초등학교 | S63: 특수학급 | U63: 0.452 | V63: 도곡초등학교 | W63: 특수학급 | Y63: 1.1 | Z63: 예봉초등학교 | AA63: 특수학급 | AC63: 1.3 | AD63: 010-8688-3796 | AO63: ※심리평가보고서(2026.01.16.) □ K-WPPSI-Ⅳ: 전체IQ 53(언어이해 53, 시공간 87, 유동추론 57, 작업기억 55, 처리속도 61/매우 낮음) □사회성숙도: SA 3세 10개월, SQ 63.7(경도) □적응행동검사: 표준점수 71(저조한 수준) | AP63: 7월31일 거주지 이전 예정 / 여기서 SMS, 적응행동 실시(유아용, 초중등용 모두) | AQ63: 완료 | AR63: 완료
A64: 61 | B64: 시립남양주하나어린이집 | D64: 3 | E64: 이윤아 | F64: 여 | G64: 2019.03.12. | I64: O | J64: 자폐성장애 | K64: 자폐성장애 | L64: 중증 | M64: 경기도 남양주시 백봉로 32, 105동 701동 | N64: 하랑초등학교 | O64: 특수학급 | Q64: 0.639 | R64: 평동초등학교 | S64: 특수학급 | U64: 0.984 | V64: 구룡초등학교 | W64: 특수학급 | Y64: 1.2 | Z64: 평내초등학교 | AA64: 특수학급 | AC64: 1.9 | AD64: 010-5910-4061 | AF64: 구리남양주 | AG64: 경은학교 | AH64: 특수학교 | AI64: 구리남양주 | AJ64: 복합특수학급 신설 | AK64: 복합특수학급 | AO64: □ 복지카드: 자폐성장애 중증(~2030.10.22.) | AP64: 내년에 초등학교 입학하는 비장애 자녀와 다른 학교 배치를 희망해 학구 외 학교를 희망함. 보호자 의견서 첨부. | AQ64: 완료 | AR64: 완료
A65: 62 | B65: 노원구 초록어린이집 | D65: 3 | E65: 이희민 | F65: 남 | G65: 2020.03.23. | I65: O | J65: 자폐성장애 | K65: 자폐성장애 | L65: 중증 | M65: 경기도 남양주시 별내3로 159, 2707동 704호 | N65: 별가람초등학교 | O65: 특수학급 | Q65: 0.01 | R65: 별가람초등학교 | S65: 특수학급 | U65: 0.01 | V65: 화접초등학교 | W65: 특수학급 | Y65: 1.1 | Z65: 한별초등학교 | AA65: 특수학급 | AC65: 2 | AD65: 010-3738-8719 | AE65: 김찬희(어린이집) | AF65: 구리남양주 | AG65: 경은학교 | AH65: 특수학교 | AI65: 구리남양주 | AJ65: 복합특수학급 신설 | AK65: 복합특수학급 | AL65: 의정부 | AM65: 송민학교 | AN65: 특수학교 | AO65: □ 복지카드: 자폐성장애 중증(~2032.03.31.) | AQ65: 완료 | AR65: 완료
A66: 63 | B66: 시립하임어린이집 | D66: 3 | E66: 권대훈 | F66: 남 | G66: 2020.08.04. | I66: O | J66: 자폐성장애 | M66: 경기도 남양주시 백봉로 32, 126동 2001호 | N66: 하랑초등학교 | O66: 특수학급 | Q66: 0.246 | R66: 하랑초등학교 | S66: 특수학급 | U66: 0.246 | V66: 평동초등학교 | W66: 특수학급 | Y66: 1 | Z66: 구룡초등학교 | AA66: 특수학급 | AC66: 1.3 | AD66: 010-4699-4236 | AO66: 진단평가 필요 | AQ66: 완료 | AR66: 완료
A67: 64 | B67: 시립하나어린이집 | D67: 3 | E67: 김주하 | F67: 남 | G67: 2019.03.03. | I67: O | J67: 자폐성장애 | K67: 자폐성장애 | L67: 중증 | M67: 경기도 남양주시 화도읍 경춘로 2290번길2, 111동103호 | N67: 남양주월산초등학교 | O67: 특수학급 | Q67: 0.187 | R67: 남양주월산초등학교 | S67: 특수학급 | U67: 0.187 | V67: 마석초등학교 | W67: 특수학급 | Y67: 3.8 | Z67: 남양주송라초등학교 | AA67: 특수학급 | AC67: 4.4 | AD67: 010-3222-5480 | AF67: 구리남양주 | AG67: 경은학교 | AH67: 특수학교 | AI67: 구리남양주 | AJ67: 복합특수학급신설 | AO67: □ 복지카드: 자폐성장애 중증(~2039.01.11.) | AP67: 가족관계증명서, 등본 제출(한부모) | AQ67: 완료 | AR67: 완료
A68: 65 | B68: 시립하나어린이집 | D68: 3 | E68: 박시영 | F68: 여 | G68: 2018.09.17. | I68: O | J68: 지체장애 | K68: 뇌병변장애 | L68: 심한 | M68: 경기도 남양주시 화도읍 비룡로 56-8, 105동301호 | N68: 남양주송라초등학교 | O68: 특수학급 | Q68: 0.3 | R68: 남양주송라초등학교 | S68: 특수학급 | U68: 0.3 | V68: 마석초등학교 | W68: 특수학급 | Y68: 1.3 | Z68: 화도초등학교 | AA68: 특수학급 | AC68: 1.6 | AD68: 010-8610-4533 | AF68: 구리남양주 | AG68: 경은학교 | AH68: 특수학교 | AO68: □ 장애인증명서: 뇌병변 심한장애 | AP68: 경은 기각되면 취학유예 또는 재활 위해 면제 고려 | AQ68: 완료 | AR68: 완료
A69: 66 | B69: 시립와부어린이집 | D69: 3 | E69: 김규리 | F69: 여 | G69: 2020.11.29. | I69: O | J69: 지적장애 | M69: 경기도 남양주시 와부읍 덕소로180, 106동201호 | N69: 남양주도곡초등학교 | O69: 특수학급 | Q69: 0.48 | R69: 남양주도곡초등학교 | S69: 특수학급 | U69: 0.48 | V69: 덕소초등학교 | W69: 특수학급 | Y69: 1.3 | Z69: 도심초등학교 | AA69: 특수학급 | AC69: 1.9 | AD69: 010-4149-6589 | AO69: ※심리평가보고서(2026.05.12.) □ K-WPPSI-Ⅳ: 전체IQ 53(언어이해 50, 시공간 52, 유동추론 66, 작업기억 52, 처리속도 61/매우 낮음) □사회성숙도: SA 2세 11개월, SQ 53.69(경도) □적응행동검사: 표준점수 57(상당히 저조한 수준) | AQ69: 완료 | AR69: 완료
A70: 67 | B70: 별가람유치원 | C70: 특수학급 | D70: 3 | E70: 김도연 | F70: 남 | G70: 2020.06.22. | H70: O | J70: 자폐성장애 (현 발달지체) | K70: 자폐성장애 | L70: 중증 | M70: 경기도 남양주시 덕송1로 30, 1502동 1304호 | N70: 남양주덕송초등학교 | O70: 특수학급 | Q70: 0.66 | R70: 남양주덕송초등학교 | S70: 특수학급 | U70: 0.66 | V70: 샛별초등학교 | W70: 특수학급 | Y70: 1.8 | Z70: 별가람초등학교 | AA70: 특수학급 | AC70: 1.7 | AD70: 010-8570-0151 | AE70: 임경희 | AO70: □ 복지카드: 자폐성장애 중증(~2029.08.18.) | AP70: *복지카드 원본대조필 / 주소 교사 확인 / 2,3희망교 순위 변경 / 한셀파일 추가 *수정본 접수. 샛별초 2희망 보호자 의견서 제출 | AQ70: 완료 | AR70: 완료
A71: 68 | B71: 다산새봄초등학교병설유치원 | C71: 특수학급 | D71: 3 | E71: 홍아현 | F71: 여 | G71: 2020.04.09. | H71: O | J71: 발달지체 | M71: 경기도 남양주시 다산중앙로 82번길 105, 6205-2504 | N71: 다산별빛초등학교 | O71: 일반학급 | Q71: 0.621 | R71: 다산별빛초등학교 | S71: 일반학급 | U71: 0.621 | AD71: 010-3681-1805 | AE71: 황가연 | AQ71: 완료 | AR71: 완료
A72: 69 | B72: 다산새봄초등학교병설유치원 | C72: 일반학급 | D72: 3 | E72: 김유안 | F72: 남 | G72: 2020.12.27. | H72: O | J72: 발달지체 | M72: 경기도 남양주시 다산중앙로 82번길 12, 5310-201 | N72: 다산새봄초등학교 | O72: 일반학급 | Q72: 0.385 | R72: 다산새봄초등학교 | S72: 일반학급 | U72: 0.385 | AD72: 010-9809-0905 | AE72: 황가연 | AP72: 한셀과 PDF 신청교 다름 확인 / 다른 특대자 김해준,박우영 취소 | AQ72: 완료 | AR72: 완료
A73: 70 | B73: 다산한강유치원 | C73: 특수학급 | D73: 3 | E73: 김태리 | F73: 남 | G73: 2020.01.20. | H73: O | J73: 자폐성장애 | K73: 자폐성·언어장애 | L73: 중증 | M73: 경기도 남양주시 다산지금로 146번길 117, 7511-1901 | N73: 다산한강초등학교 | O73: 특수학급 | Q73: 0.23 | R73: 다산한강초등학교 | S73: 특수학급 | U73: 0.23 | V73: 가운초등학교 | W73: 특수학급 | Y73: 1.8 | Z73: 양정초등학교 | AA73: 특수학급 | AC73: 2.3 | AD73: 010-8504-2941 | AE73: 김해지 | AF73: 구리남양주 | AG73: 경은학교 | AH73: 특수학교 | AI73: 광주하남 | AJ73: 성광학교 | AK73: 특수학교 | AL73: 구리남양주 | AM73: 사능초등학교 | AN73: 복합특수학급 | AO73: □ 복지카드: 자폐성,언어장애 중증(~2031.10.14.) | AQ73: 완료 | AR73: 완료
A74: 71 | B74: 다산한강유치원 | C74: 특수학급 | D74: 3 | E74: 이해빈 | F74: 여 | G74: 2020.05.13. | H74: O | J74: 자폐성장애 (현 발달지체) | K74: 자폐성장애 | L74: 중증 | M74: 경기도 남양주시 다산지금로 146번길 117, 7502-2902 | N74: 다산한강초등학교 | O74: 특수학급 | Q74: 0.036 | R74: 다산한강초등학교 | S74: 특수학급 | U74: 0.036 | V74: 남양주양정초등학교 | W74: 특수학급 | Y74: 2.4 | Z74: 도농초등학교 | AA74: 특수학급 | AC74: 3 | AD74: 010-5377-5204 | AE74: 김해지 | AF74: 구리남양주 | AG74: 경은학교 | AH74: 특수학교 | AO74: □ 복지카드: 자폐성장애 중증(~2032.02.03.) | AP74: 근거리 가운초, 양정초 순 | AQ74: 완료 | AR74: 완료
A75: 72 | B75: 다산한강유치원 | C75: 특수학급 | D75: 3 | E75: 최모건 | F75: 남 | G75: 2020.10.22. | H75: O | J75: 발달지체 | M75: 경기도 남양주시 다산지금로145번길 15, 7303동 2104호 | N75: 다산한강초등학교 | O75: 특수학급 | Q75: 0.56 | R75: 다산한강초등학교 | S75: 특수학급 | U75: 0.56 | V75: 남양주양정초등학교 | W75: 특수학급 | Y75: 1.8 | Z75: 가운초등학교 | AA75: 특수학급 | AC75: 3 | AD75: 010-7180-0903 | AE75: 김해지 | AP75: 3순위 거리 애매... 가운,다산별빛,금교 | AQ75: 완료 | AR75: 완료
A76: 73 | B76: 다산한강유치원 | C76: 일반학급 | D76: 3 | E76: 김수영 | F76: 여 | G76: 2020.12.03. | H76: O | J76: 발달지체 | M76: 경기도 남양주시 다산지금로146번길 100, 7602동 2802호 | N76: 다산한강초등학교 | O76: 일반학급 | Q76: 0.91 | R76: 다산한강초등학교 | S76: 일반학급 | U76: 0.91 | AD76: 010-5303-0083 | AE76: 김해지 | AP76: 이사 예정 | AQ76: 완료 | AR76: 완료
A77: 74 | B77: 갈매초등학교병설유치원 | C77: 특수학급 | D77: 3 | E77: 이태훈 | F77: 남 | G77: 2020.04.13. | H77: O | J77: 자폐성장애 | K77: 자폐성장애 | L77: 중증 | M77: 경기도 구리시 갈매중앙로 16, 701-2402 | N77: 갈매초등학교 | O77: 특수학급 | Q77: 0.414 | R77: 갈매초등학교 | S77: 특수학급 | U77: 0.414 | V77: 산마루초등학교 | W77: 특수학급 | Y77: 1.1 | Z77: 한별초등학교 | AA77: 특수학급 | AC77: 3.4 | AD77: 010-8962-0166 | AE77: 이신애 | AO77: □ 복지카드: 자폐성장애 중증(~2032.03.16.) | AP77: 3희망교 한별초로 변경 | AQ77: 완료 | AR77: 완료
A78: 75 | B78: 오남초등학교병설유치원 | C78: 특수학급 | D78: 3 | E78: 김지혜 | F78: 여 | G78: 2020.04.18. | H78: O | J78: 지적장애 (현 발달지체) | K78: 지적장애 | L78: 중증 | M78: 경기도 남양주시 오남읍 진건오남로631, 601-305 | N78: 오남초등학교 | O78: 특수학급 | Q78: 1 | R78: 오남초등학교 | S78: 특수학급 | U78: 1 | V78: 어람초등학교 | W78: 특수학급 | Y78: 1.1 | Z78: 양지초등학교 | AA78: 특수학급 | AC78: 2.4 | AD78: 010-9477-5341 | AE78: 우미란 | AO78: □ 복지카드: 지적장애 중증(~2030.12.22.) | AP78: 동생이 오남초병유 재원. 초등학교도 학구인 오남초에 배치 받아야 등하원 용이. 의견서 및 증빙서류 제출 | AQ78: 완료 | AR78: 완료
A79: 76 | B79: 다산새봄유치원 | C79: 특수학급 | D79: 3 | E79: 문시현 | F79: 남 | G79: 2020.01.13. | H79: O | J79: 발달지체 | M79: 경기도 남양주시 미금로24 805동 1104호 | N79: 미금초등학교 | O79: 특수학급 | Q79: 0.418 | R79: 미금초등학교 | S79: 특수학급 | U79: 0.418 | V79: 도농초 | W79: 특수학급 | Y79: 1.3 | Z79: 다산새봄초 | AA79: 특수학급 | AC79: 2.2 | AD79: 010-3344-7709 | AE79: 이성진 | AP79: 도농초1.2 / 다산가람초 1.7 / 금교초 2.3 순인데, 2희망 다산새봄, 3희망 다산가람초 작성함. (다산새봄은 2.3) -최근거리교 안내함. -도보, 버스이용으로 인해 2,3희망교 최근거리 아님. 보호자 확인서 제출완 | AQ79: 완료 | AR79: 완료
A80: 77 | B80: 산마루초등학교병설유치원 | C80: 특수학급 | D80: 3 | E80: 김도현 | F80: 남 | G80: 2020.03.02. | H80: O | J80: 자폐성장애 (현 발달지체) | K80: 발급중 | M80: 경기도 구리시 경춘북로 252, 810동 2504호(갈매동, 갈매역 아이파크) | N80: 산마루초등학교 | O80: 특수학급 | Q80: 0.658 | R80: 산마루초등학교 | S80: 특수학급 | U80: 0.658 | V80: 갈매초등학교 | W80: 특수학급 | Y80: 0.882 | Z80: 한별초등학교 | AA80: 특수학급 | AC80: 2 | AD80: 010-3302-3499 | AE80: 안선영 | AO80: 진단서(자폐증,최종진단) | AP80: 복지카드 발급중 (자폐 중증) / 발급 완료되면 복지카드 추가 제출 안내 / 3근거리 내양초X 한별초0 안내 | AQ80: 미흡 | AR80: 미흡
A81: 78 | B81: 산마루초등학교병설유치원 | C81: 특수학급 | D81: 3 | E81: 김서율 | F81: 여 | G81: 2020.10.03. | H81: O | J81: 자폐성장애 (현 발달지체) | K81: 발급중 | M81: 경기도 구리시 갈매순환로 204번길 8-32, 202호(갈매동) | N81: 산마루초등학교 | O81: 특수학급 | Q81: 0.715 | R81: 산마루초등학교 | S81: 특수학급 | U81: 0.715 | V81: 갈매초등학교 | W81: 특수학급 | Y81: 1.1 | Z81: 한별초등학교 | AA81: 특수학급 | AC81: 1.6 | AD81: 010-9769-4972 | AE81: 안선영 | AF81: 구리남양주 | AG81: 경은학교 | AH81: 특수학교 | AO81: ※심리평가보고서(2026.3.26.) □K-WPPSI-IV: 전체IQ 40 (언어이해 45, 시공간 52, 유동추론 45, 작업기억 45, 처리속도 45/매우낮음) □사회성숙도: SA 2세 7개월, SQ 47.79(매우낮음) □K-CARS-Ⅱ(ST): 총점 34점(경도에서 중등도 수준의 자폐 관련 행동) | AP81: 복지카드 발급중 (자폐 중증) / 발급 완료되면 복지카드 추가 제출 안내 / 3근거리 내양초X 한별초0 안내 / 복지카드 없어도 자폐성장애 진단 가능 | AQ81: 미흡 | AR81: 미흡
A82: 79 | B82: 산마루초등학교병설유치원 | C82: 특수학급 | D82: 3 | E82: 정지현 | F82: 여 | G82: 2020.09.15. | H82: O | J82: 자폐성장애 | K82: 자폐성장애 | L82: 중증 | M82: 경기도 구리시 갈매중앙로 131, 303동 1103호(갈매동, 한라비발디) | N82: 산마루초등학교 | O82: 특수학급 | Q82: 0.785 | R82: 산마루초등학교 | S82: 특수학급 | U82: 0.785 | V82: 갈매초등학교 | W82: 특수학급 | Y82: 1.2 | Z82: 한별초등학교 | AA82: 특수학급 | AC82: 1.6 | AD82: 010-4345-0582 | AE82: 안선영 | AF82: 구리남양주 | AG82: 경은학교 | AH82: 특수학교 | AO82: □ 복지카드: 자폐성장애 중증(~2029.11.23.) | AQ82: 완료 | AR82: 완료
A83: 80 | B83: 화도은솔유치원 | C83: 특수학급 | D83: 3 | E83: 김서후 | F83: 남 | G83: 2020.01.02. | H83: O | J83: 자폐성장애 (현 발달지체) | K83: 자폐성장애 | L83: 중증 | M83: 경기도 남양주시 화도읍 마석로 33, 102동 1002호 (빌리브센트하이) | N83: 남양주송라초등학교 | O83: 특수학급 | Q83: 0.557 | R83: 은솔초등학교 | S83: 특수학급 | U83: 1.6 | V83: 마석초등학교 | W83: 특수학급 | Y83: 0.641 | Z83: 남양주송라초등학교 | AA83: 특수학급 | AC83: 0.557 | AD83: 010-5094-4560 | AE83: 류창준 | AO83: □ 복지카드: 자폐성장애 중증(~2031.2.26.) | AP83: *김서후, 김시후 쌍둥이 같은 학교 배치 희망 *활보 가능한 은솔초, 마석초 희망(송라초는 활보 불가하다함) / 2근거리 마석초, 3근거리 창현초임, 4근거리가 은솔초 *발달지체에서 자폐성장애로 유형변경 안내(복지카드 제출) | AQ83: 완료 | AR83: 완료
A84: 81 | B84: 화도은솔유치원 | C84: 특수학급 | D84: 3 | E84: 김시후 | F84: 남 | G84: 2020.01.02. | H84: O | J84: 자폐성장애 (현 발달지체) | K84: 자폐성장애 | L84: 중증 | M84: 경기도 남양주시 화도읍 마석로 33, 102동 1002호 (빌리브센트하이) | N84: 남양주송라초등학교 | O84: 특수학급 | Q84: 0.557 | R84: 은솔초등학교 | S84: 특수학급 | U84: 1.6 | V84: 마석초등학교 | W84: 특수학급 | Y84: 0.641 | Z84: 남양주송라초등학교 | AA84: 특수학급 | AC84: 0.557 | AD84: 010-5094-4560 | AE84: 류창준 | AO84: □ 복지카드: 자폐성장애 중증(~2031.2.26.) | AP84: *김서후, 김시후 쌍둥이 같은 학교 배치 희망 *활보 가능한 은솔초, 마석초 희망(송라초는 활보 불가하다함) / 2근거리 마석초, 3근거리 창현초임, 4근거리가 은솔초 *발달지체에서 자폐성장애로 유형변경 안내(복지카드 제출) | AQ84: 완료 | AR84: 완료
A85: 82 | B85: 화도은솔유치원 | C85: 특수학급 | D85: 3 | E85: 문채환 | F85: 남 | G85: 2020.12.15. | H85: O | J85: 자폐성장애 | M85: 경기도 남양주시 천마산로 65, 116동 404호 (호평동, 호평파라곤) 직장: 경기도 남양주시 호평로46번길 8, 클랑피아노교습소 | N85: 직장기준: 평동초등학교 | O85: 특수학급 | Q85: 0.3 | R85: 평동초등학교 | S85: 특수학급 | U85: 0.3 | V85: 판곡초등학교 | W85: 특수학급 | Y85: 0.81 | Z85: 구룡초 | AA85: 특수학급 | AC85: 1.1 | AD85: 010-3279-2477 | AE85: 류창준 | AP85: *학부모 직장 근거리 학교 희망(최근거리 호평초 말고 평동초 희망) / 증빙서류 제출함 재직증명서, 가족관계증명서 *직장 기준 2근거리 판곡초, 3근거리 구룡초임(원본 2희망 구룡초, 3희망 호평초였음) | AQ85: 완료 | AR85: 완료
A86: 83 | B86: 화도은솔유치원 | C86: 특수학급 | D86: 3 | E86: 이선재 | F86: 남 | G86: 2020.06.24. | H86: O | J86: 발달지체 | M86: 경기도 남양주시 백봉로 32, 114동 901호 (호평동, 두산 알프하임) | N86: 하랑초등학교 | O86: 특수학급 | Q86: 0.717 | R86: 하랑초등학교 | S86: 특수학급 | U86: 0.717 | V86: 평동초등학교 | W86: 특수학급 | Y86: 1 | Z86: 구룡초 | AA86: 특수학급 | AC86: 1.4 | AD86: 010-6489-5236 | AE86: 류창준 | AQ86: 완료 | AR86: 완료
A87: 84 | B87: 화도은솔유치원 | C87: 특수학급 | D87: 3 | E87: 진시아 | F87: 여 | G87: 2020.03.19. | H87: O | J87: 자폐성장애 (현 발달지체) | K87: 자폐성장애 | L87: 중증 | M87: 경기도 남양주시 화도읍 비룡로 56-8, 107동 303호 (신명스카이뷰그린) | N87: 남양주송라초등학교 | O87: 특수학급 | Q87: 0.25 | R87: 남양주송라초등학교 | S87: 특수학급 | U87: 0.25 | V87: 마석초등학교 | W87: 특수학급 | Y87: 1.1 | Z87: 화도초 | AA87: 특수학급 | AC87: 1.5 | AD87: 010-9153-1455 | AE87: 류창준 | AF87: 구리남양주 | AG87: 경은학교 | AH87: 특수학교 | AP87: *3근거리 창현초1.4, 화도초1.5, 은솔초1.5임 *송라, 마석, 화도 순으로 수정 제출함 | AQ87: 완료 | AR87: 완료
A88: 85 | B88: 화도은솔유치원 | C88: 특수학급 | D88: 3 | E88: 천수호 | F88: 남 | G88: 2020.03.26. | H88: O | J88: 자폐성장애 | K88: 자폐성장애 | L88: 심한 | M88: 경기도 남양주시 화도읍 비룡로99번길 52-6, 다동 402호 (보아주택) | N88: 화도초등학교 | O88: 특수학급 | Q88: 1.2 | R88: 화도초등학교 | S88: 특수학급 | U88: 1.2 | V88: 은솔초등학교 | W88: 특수학급 | Y88: 2.3 | Z88: 창현초 | AA88: 특수학급 | AC88: 2.5 | AD88: 010-8836-1772 | AE88: 류창준 | AO88: 장애인증명서: 자폐성장애 심한장애 | AP88: *활보 가능한 최근거리교 화도초 희망 *2,3희망교 근거리가X 사유 제출함. 활보 이용 때문에. *원래 2근거리 송라초1.7, 3근거리 은솔초 2.3 | AQ88: 완료 | AR88: 완료
A89: 86 | B89: 화도은솔유치원 | C89: 특수학급 | D89: 3 | E89: 최규현 | F89: 남 | G89: 2020.12.23. | H89: O | J89: 지적장애 (현 발달지체) | K89: 지적장애 발급중 | M89: 경기도 남양주시 화도읍 경춘보학2길 29, 301동 301호 (라온프라이빗아파트) | N89: 은솔초등학교 | O89: 특수학급 | Q89: 0.16 | R89: 은솔초등학교 | S89: 특수학급 | U89: 0.16 | V89: 창현초등학교 | W89: 특수학급 | Y89: 1.4 | Z89: 남양주송라초 | AA89: 특수학급 | AC89: 1.2 | AD89: 010-5527-4969 | AE89: 류창준 | AF89: 구리남양주 | AG89: 경은학교 | AH89: 특수학교 | AO89: 지적장애 복지카드 발급 대기중 | AP89: *복지카드 발급 후 추가 제출 안내 *경은 취소함 / 서류 수정제출 필요 | AQ89: 미흡 | AR89: 미흡
A90: 87 | B90: 화도은솔유치원 | C90: 특수학급 | D90: 3 | E90: 함채이 | F90: 여 | G90: 2020.08.25. | H90: O | J90: 자폐성장애 | M90: 경기도 남양주시 화도읍 경춘보학2길 29, 302동 9층 901호 (라온프라이빗아파트) | N90: 은솔초등학교 | O90: 특수학급 | Q90: 0.16 | R90: 은솔초등학교 | S90: 특수학급 | U90: 0.16 | V90: 은솔초등학교 | W90: 일반학급 | Y90: 0.16 | AD90: 010-3906-3963 | AE90: 류창준 | AQ90: 완료 | AR90: 완료
A91: 88 | B91: 다산꽃다비유치원 | C91: 특수학급 | D91: 3 | E91: 최시환 | F91: 남 | G91: 2020.10.20. | H91: O | J91: 발달지체 | M91: 경기도 남양주시 늘을3로 65-26, 1318동 905호 | N91: 구룡초등학교 | O91: 특수학급 | Q91: 0.782 | R91: 구룡초등학교 | S91: 특수학급 | U91: 0.782 | V91: 판곡초등학교 | W91: 특수학급 | Y91: 0.918 | Z91: 평동초등학교 | AA91: 특수학급 | AC91: 1 | AD91: 010-2971-2727 | AE91: 정지혜 | AP91: *구룡초, 판곡초 공동학구이며, *쌍둥이와 다른 학교 희망해 1희망 구룡 작성 / 우선 가족관계 추가제출 요청 / 공문으로 받음 | AQ91: 미흡 | AR91: 완료
A92: 89 | B92: 다산꽃다비유치원 | C92: 특수학급 | D92: 3 | E92: 이로하 | F92: 남 | G92: 2020.05.04. | H92: O | J92: 발달지체 | M92: 경기도 남양주시 다산중앙로 82번길 72-43, 301호 | N92: 다산별빛초등학교 | O92: 특수학급 | Q92: 0.28 | R92: 다산별빛초등학교 | S92: 특수학급 | U92: 0.28 | V92: 다산새봄초등학교 | W92: 특수학급 | Y92: 0.566 | Z92: 금교초등학교 | AA92: 특수학급 | AC92: 0.64 | AD92: 010-2744-5265 | AE92: 정지혜 | AQ92: 완료 | AR92: 완료
A93: 90 | B93: 미사랑유치원(광주하남) | C93: 특수학급 | D93: 3 | E93: 정시우 | F93: 남 | G93: 2020.07.30. | H93: O | J93: 자폐성장애 | K93: 자폐성장애 | L93: 중증 | M93: 경기도 남양주시 와부읍 덕소로116번길 12, 603동 504호 (덕소강변신일해피트리아파트) | N93: 덕소초등학교 | O93: 특수학급 | Q93: 0.774 | R93: 덕소초등학교 | S93: 특수학급 | U93: 0.774 | V93: 도곡초등학교 | W93: 특수학급 | Y93: 0.875 | Z93: 와부초등학교 | AA93: 특수학급 | AC93: 0.902 | AD93: 010-8547-9168 | AE93: 채승현 | AO93: □ 복지카드: 자폐성장애 중증(~2031.12.26.) | AP93: *(관외_광주하남) 진단평가결과X / 추후 수령 예정 *와부초 거리 근거 3희망으로 임의변경함. | AQ93: 미흡 | AR93: 미흡
A94: 91 | B94: 예봉초등학교병설유치원 | C94: 특수학급 | D94: 3 | E94: 김성연 | F94: 남 | G94: 2020.09.14. | H94: O | J94: 발달지체 | M94: 경기도 남양주시 와부읍 덕소로 33, 301-1404 | N94: 덕소초등학교 | O94: 특수학급 | Q94: 0.664 | R94: 덕소초등학교 | S94: 특수학급 | U94: 0.664 | V94: 예봉초등학교 | W94: 특수학급 | Y94: 1.7 | Z94: 도곡초등학교 | AA94: 특수학급 | AC94: 1.7 | AD94: 010-3686-1911 | AE94: 윤세련 | AP94: *2희망 월문초 일반학급 작성. 별도의 증빙서류 없기에 배치에 반영은 어려움 안내, 3근거리 도곡초 1.7 * 원본 수정파일 들어올 예정 / 들어옴 | AQ94: 미흡 | AR94: 완료
A95: 92 | B95: 남양주다산초등학교병설유치원 | C95: 특수학급 | D95: 3 | E95: 이지성 | F95: 남 | G95: 2020.04.08. | H95: O | J95: 발달지체 | M95: 경기도 남양주시 다산중앙로 82번길15, 5106동 1201호(다산e편한세상) | N95: 다산새봄초등학교 | O95: 특수학급 | Q95: 0.765 | R95: 다산새봄초등학교 | S95: 특수학급 | U95: 0.765 | V95: 남양주다산초등학교 | W95: 특수학급 | Y95: 0.631 | Z95: 다산하늘초등학교 | AA95: 특수학급 | AC95: 1.1 | AD95: 010-8905-4635 | AE95: 이수빈 | AQ95: 완료 | AR95: 완료
A96: 93 | B96: 해밀초등학교병설유치원 | C96: 특수학급 | D96: 3 | E96: 김이현 | F96: 남 | G96: 2020.09.09. | H96: O | J96: 발달지체 | M96: 경기도 남양주시 진접읍 해밀예당3로68, 1907동 101호(금강펜테리움) | N96: 진접초등학교 | O96: 특수학급 | Q96: 0.45 | R96: 진접초등학교 | S96: 특수학급 | U96: 0.45 | V96: 해밀초등학교 | W96: 특수학급 | Y96: 0.486 | Z96: 화봉초등학교 | AA96: 특수학급 | AC96: 0.914 | AD96: 010-6638-5906 | AE96: 장하영 | AQ96: 완료 | AR96: 완료
A97: 94 | B97: 해밀초등학교병설유치원 | C97: 특수학급 | D97: 3 | E97: 장루하 | F97: 남 | G97: 2020.03.08. | H97: O | J97: 지적장애 (현 발달지체) | K97: 지적장애 | L97: 심한 | M97: 경기도 남양주시 진접읍 해밀예당1로 51, 1303동 1403호 (자연&어울림아파트) | N97: 화봉초등학교 | O97: 특수학급 | Q97: 0.6 | R97: 화봉초등학교 | S97: 특수학급 | U97: 0.614 | V97: 해밀초등학교 | W97: 특수학급 | Y97: 1.4 | Z97: 진접초등학교 | AA97: 특수학급 | AC97: 1.4 | AD97: 010-8473-8584 | AE97: 장하영 | AO97: □ 복지카드: 지적장애 중증(~2031.11.27.) | AP97: *장애유형변경(발달>지적) | AQ97: 완료 | AR97: 완료
A98: 95 | B98: 다산별빛초등학교병설유치원 | D98: 3 | E98: 정인아 | F98: 여 | G98: 2020.02.06. | I98: O | J98: 청각장애 | K98: 청각장애 | L98: 경증 | M98: 경기도 남양주시 다산중앙로82번안길 74, 6503동 2705호 | N98: 다산별빛초등학교 | O98: 일반학급 | Q98: 0.5 | R98: 다산별빛초등학교 | S98: 일반학급 | U98: 0.5 | AO98: 장애인증명서: 청각장애 심하지않은장애(2026.03.25.등록) | AQ98: 완료 | AR98: 완료
A99: 96 | B99: 호평유치원 | C99: 특수학급 | D99: 3 | E99: 임유진 | F99: 남 | G99: 2020.04.06. | H99: O | J99: 발달지체 | M99: 경기도 남양주시 늘을3로 71, 1506동 404호 | N99: 구룡초등학교 | O99: 특수학급 | Q99: 0.47 | R99: 구룡초등학교 | S99: 특수학급 | U99: 0.47 | V99: 판곡초등학교 | W99: 특수학급 | Y99: 0.68 | Z99: 평동초등학교 | AA99: 특수학급 | AC99: 0.612 | AD99: 010-7282-6399 | AE99: 김슬아 | AP99: *서식1과 서식2 장애유형 달라. 발달지체/자폐성장애... 확인, 수정필 *구룡초, 판곡초 공동학구임 | AQ99: 완료 | AR99: 미흡
A100: 97 | B100: 부평초등학교병설유치원 | C100: 특수학급 | D100: 3 | E100: 오세준 | F100: 남 | G100: 2020.02.10. | H100: O | J100: 자폐성장애 (현 발달지체) | K100: 자폐성장애 | L100: 중증 | M100: 경기도 남양주시 진접읍 부평로 48번길 110, 104동1801호 (진접서희스타힐스) | N100: 부평초등학교 | O100: 특수학급 | Q100: 0.552 | R100: 부평초등학교 | S100: 특수학급 | U100: 0.552 | V100: 장승초등학교 | W100: 특수학급 | Y100: 1.5 | Z100: 광릉초등학교 | AA100: 특수학급 | AC100: 1.9 | AD100: 010-5481-4321 | AE100: 김영미 | AF100: 구리남양주 | AG100: 경은학교 | AH100: 특수학교 | AI100: 구리남양주 | AJ100: 복합특수학급신설 | AK100: 특수학급 | AO100: □ 복지카드: 자폐성장애 중증(~2031.7.1.) | AP100: *2근거리 장승초, 3근거리 광릉초 안내 | AQ100: 완료 | AR100: 완료
...

Sheet 특수학교 희망
A1: 연번 | B1: 소속교 | C1: 학급유형 | D1: 학년 | E1: 성명 | F1: 성별 | G1: 생년월일 | H1: 선정배치 | J1: 장애유형 | M1: 주소 | N1: 최근거리교 | Q1: 희망교 | Z1: 연락처 | AB1: 특수학교(유치부) | AK1: 검사결과 | AL1: 특이사항 | AM1: 심층관찰 | AO1: 2: 학교 자리만 있으면 들어가도 좋을듯
H2: 기존 | I2: 신규 | J2: 특수교육법 | K2: 장애인복지법 | N2: 학교명 | O2: 배치유형 | P2: 거리(km) | Q2: 1희망교 | T2: 2희망교 | W2: 3희망교 | AB2: 1희망 | AE2: 2희망 | AH2: 3희망 | AO2: 3: 애매...함. 약 먹으면, 적응하면 학급도 지낼만 할텐데
J3: 영역 | K3: 영역 | L3: 정도 | Q3: 학교명 | R3: 배치유형 | S3: 거리(km) | T3: 학교명 | U3: 배치유형 | V3: 거리(km) | W3: 학교명 | X3: 배치유형 | Y3: 거리(km) | Z3: 보호자 | AA3: 담당교사 | AB3: 지역 | AC3: 학교명 | AD3: 학급유형 | AE3: 지역 | AF3: 학교명 | AG3: 학급유형 | AH3: 지역 | AI3: 학교명 | AJ3: 학급유형 | AO3: 4: 학급이 오히려 나아 보이는
A4: 1 | B4: 구리시립갈매어린이집 | D4: 3 | E4: 이인규 | F4: 남 | G4: 2020.11.12. | I4: O | J4: 의사소통장애 | M4: 경기도 남양주시 퇴계원읍 도제원로 89-1, 102동 301호(삼성하이츠) | N4: 퇴계원초등학교 | O4: 특수학급 | P4: 0.783 | Q4: 퇴계원초등학교 | R4: 특수학급 | S4: 0.783 | T4: 도제원초등학교 | U4: 특수학급 | V4: 1.1 | W4: 내양초등학교 | X4: 특수학급 | Y4: 2.4 | Z4: 010-4397-1648 | AB4: 구리남양주 | AC4: 경은학교 | AD4: 특수학교 | AE4: 구리남양주 | AF4: 복합특수학급 신설 | AG4: 복합특수학급 | AK4: ※2026년 7월 9일 검사 실시 □K-WPPSI-IV: 전체IQ 40 (언어이해 45, 시공간 79, 유동추론 45, 작업기억 45, 처리속도 45/매우 낮음) □적응행동검사: 표준점수 54(상당히 저조한 수준) □사회성숙도: SA 1세 11개월, SQ 35.30(중등도) | AM4: 다음 수 오전, 2시 이후 / 29,30 오전.. 오전이 가장 일상적인 모습. 오후는 2시~3시 / 24일(수) 14시 샘 메일 unghea12@naver.com | AO4: 4 | AP4: 진단평가 필요, 약X, 인지 양호, 장애미등록
A5: 2 | B5: 시립토평마을어린이집 | D5: 3 | E5: 박규빈 | F5: 남 | G5: 2020.07.17. | I5: O | J5: 자폐성장애 | K5: 자폐성장애 | L5: 중증 | M5: 경기도 남양주시 다산중앙로146번길7, 2205동 1101호 | N5: 남양주다산초등학교 | O5: 특수학급 | P5: 0.48 | Q5: 남양주다산초등학교 | R5: 특수학급 | S5: 0.48 | T5: 다산하늘초등학교 | U5: 특수학급 | V5: 0.85 | W5: 다산새봄초등학교 | X5: 특수학급 | Y5: 1 | Z5: 010-7320-1455 | AB5: 구리남양주 | AC5: 경은학교 | AD5: 특수학교 | AE5: 구리남양주 | AF5: 복합특수학급 신설 | AK5: □ 복지카드: 자폐성장애 중증(~2032.06.19.) | AL5: 1,2희망교 도보 통학 기준 | AM5: 6/26(금), 6/29(월), 6/30(화) 10시 교사메일: sde1109@naver.com | AO5: 4 | AP5: 사회적 상황 인지, 따르기 모두 양호. 자기자극 중심의 활동일뿐 방해 크지 않았음
A6: 3 | B6: 다움어린이집 | D6: 3 | E6: 이예찬 | F6: 남 | G6: 2019.06.24. | I6: O | J6: 자폐성장애 | K6: 자폐성장애 | L6: 심한 | M6: 경기도 남양주시 화도읍 먹갓로 28번길 39-12 신강남 가-102호 | N6: 천마초등학교 | O6: 특수학급 | P6: 0.12 | Q6: 천마초등학교 | R6: 특수학급 | S6: 0.12 | T6: 은솔초등학교 | U6: 특수학급 | V6: 2.2 | W6: 남양주송라초등학교 | X6: 특수학급 | Y6: 2.4 | Z6: 010-3217-6485 | AB6: 구리남양주 | AC6: 경은학교 | AD6: 특수학교 | AE6: 의정부 | AF6: 송민학교 | AG6: 특수학교 | AH6: 구리남양주 | AI6: 복합특수학급신설 | AK6: □ 장애인증명서: 자폐성장애 심한 | AM6: 23일(화) 10시 수요일 학생 센터 일정으로 어려움. thewood@naver.com / 10시 / 원장님 | AO6: 3 | AP6: 1년 유예, 약 잠시 먹다 중단, 영아반에서 생활... 교육기회 부족으로 인한 현행수준으로 보임. 방방 뛰는거 말고는 크게 방해X
A7: 4 | B7: 남양주도담유치원 | C7: 특수학급 | D7: 3 | E7: 윤시우 | F7: 남 | G7: 2020.01.07. | H7: O | J7: 발달지체 | M7: 경기도 남양주시 진접읍 봉현로 36번길 11-1, 105동 506호(삼신아파트) | N7: 장현초등학교 | O7: 특수학급 | P7: 0.2 | Q7: 장현초등학교 | R7: 특수학급 | S7: 0.2 | T7: 화봉초등학교 | U7: 특수학급 | V7: 2.2 | W7: 장승초등학교 | X7: 특수학급 | Y7: 2.5 | Z7: 010-4903-3602 | AA7: 손효주 | AB7: 구리남양주 | AC7: 경은학교 | AD7: 특수학교 | AE7: 구리남양주 | AF7: 복합특수학급신설 | AK7: 기존 | AM7: 25일(목) 10시 / 3층 은하반 | AO7: 3 | AP7: 장애미등록, 약X
A8: 5 | B8: 창현유치원 | C8: 특수학급 | D8: 3 | E8: 최은우 | F8: 남 | G8: 2020.01.14. | H8: O | J8: 발달지체 | M8: 경기도 남양주시 화도읍 창현로 45, 104동 601호(신창현도뮤토아파트) | N8: 마석초등학교 | O8: 특수학급 | P8: 0.76 | Q8: 마석초등학교 | R8: 특수학급 | S8: 0.76 | T8: 창현초등학교 | U8: 특수학급 | V8: 0.32 | W8: 은솔초등학교 | X8: 특수학급 | Y8: 1.3 | Z8: 010-5555-9213 | AA8: 허원영 | AB8: 구리남양주 | AC8: 경은학교 | AD8: 특수학교 | AE8: 구리남양주 | AF8: 복합특수학급신설 | AH8: 광주하남 | AI8: 성광학교 | AJ8: 특수학교 | AL8: 장애유형, 특수학교 희망교 수정 요청 / 최근거리는 창현초이지만, 학구가 마석초등학교임 | AM8: 7/1(수)10, 7/2(목)10:40, 7/8)수)10, 7/9(목)10:40 | AO8: 3 | AP8: 장애미등록, 약X, 현재 모습은 과잉행동, 충동성 문제가 심각하지만, 교육을 위해 장애등록 및 의료적 접근 필요해보임... 등록이라도 됐으면 더 고려해봄직 했을텐데..
A9: 6 | B9: 시립행복모아어린이집 | D9: 3 | E9: 김하린 | F9: 여 | G9: 2020.09.02. | I9: O | J9: 중도중복장애 | K9: 뇌병변장애 | L9: 중증 | M9: 경기도 남양주시 와부읍 덕소로 270, 113동 405호 | N9: 도심초등학교 | O9: 특수학급 | P9: 1.4 | Q9: 도심초등학교 | R9: 특수학급 | S9: 1.4 | T9: 남양주도곡초등학교 | U9: 특수학급 | V9: 0.994 | W9: 덕소초등학교 | X9: 특수학급 | Y9: 2 | Z9: 010-4410-6462 | AB9: 구리남양주 | AC9: 경은학교 | AD9: 특수학교 | AE9: 구리남양주 | AF9: 복합특수학급 신설 | AG9: 복합특수학급 | AK9: □ 복지카드: 뇌병변장애 중증(~2029.02.14.) □ 장애인증명서(지적장애 심한 장애, 뇌병변 심한 장애, 2026.06.12.) | AM9: 학부모, 담임 소통 후 회신 예정(16,17일경) 24(수)10시반, 26(금)10시반, 7/1(수)10시반 10시로 수정 교사메일: joy1726@naver.com | AO9: 1a | AP9: 중도중복. 걷기 시작한 돌 아기 느낌.
A10: 7 | B10: 경은학교 | C10: 특수학교 | D10: 3 | E10: 김하람 | F10: 남 | G10: 2020.03.15. | H10: O | J10: 자폐성장애 | K10: 자폐성장애 | L10: 중증 | M10: 경기도 남양주시 별내면 68번길 24, 402동 2001호 | N10: 별내초등학교 | O10: 특수학급 | P10: 0.711 | Q10: 별내초등학교 | R10: 특수학급 | S10: 0.711 | T10: 샛별초등학교 | U10: 특수학급 | V10: 5.5 | W10: 남양주덕송초등학교 | X10: 특수학급 | Y10: 6.2 | Z10: 010-4860-5847 | AA10: 손신애 | AB10: 구리남양주 | AC10: 경은학교 | AD10: 특수학교 | AK10: □ 복지카드: 자폐성장애 중증(~2031.10.03.) | AL10: 자폐로 장애유형 변경 요청 / 배치희망교 2,3순위 고산에서 샛별, 덕송으로 변경 요청 | AM10: 19(금) 08:50 | AO10: 1b | AP10: 인지 너무 낮고, 자폐 성향 매우 강함.
A11: 8 | B11: 하늘숲어린이집 | D11: 3 | E11: 양서율 | F11: 여 | G11: 2020.01.26. | I11: O | J11: 자폐성장애 | K11: 자폐성장애 | L11: 중증 | M11: 경기도 남양주시 오남읍 양지로46번길 130, 102동 503호 | N11: 오남초등학교 | O11: 특수학급 | P11: 0.633 | Q11: 오남초등학교 | R11: 특수학급 | S11: 0.633 | T11: 남양주양지초등학교 | U11: 특수학급 | V11: 1.2 | W11: 양오초등학교 | X11: 특수학급 | Y11: 1.8 | Z11: 010-2228-7151 | AB11: 구리남양주 | AC11: 경은학교 | AD11: 특수학교 | AE11: 구리남양주 | AF11: 복합특수학급 신설 | AG11: 복합특수학급 | AH11: 의정부 | AI11: 송민학교 | AJ11: 특수학교 | AK11: □ 복지카드: 자폐성장애 중증(~2028.09.28.) | AM11: 7/2((목) 10시 7/8(수)2시 010-8727-4730 김지희선생님 merowith2@naver.com | AO11: 2b | AP11: 구지초병유 김시율보다 조금 약한 정도. 교육이 덜 되었지만, 자폐 여아 치고는 행동문제가 비교적 적음. 인지, 소근육 높진 않음. 자폐 성향은 강해보임. 활동도 매우 제한적임. 통합 어려움 예상은 됨.
A12: 9 | B12: 시립미사어린이집 | D12: 3 | E12: 한준영 | F12: 남 | G12: 2020.04.07. | I12: O | J12: 지적장애 | K12: 지적·뇌병변장애 | L12: 중증 | M12: 경기도 남양주시 천마산로12번길 19-10, 101동 404호(메종드힐) | N12: 호평초등학교 | O12: 특수학급 | P12: 0.935 | Q12: 호평초등학교 | R12: 특수학급 | S12: 0.935 | T12: 평동초등학교 | U12: 특수학급 | V12: 1.3 | W12: 구룡초등학교 | X12: 특수학급 | Y12: 1.4 | Z12: 010-5219-0736 | AB12: 구리남양주 | AC12: 경은학교 | AD12: 특수학교 | AE12: 의정부 | AF12: 송민학교 | AG12: 특수학교 | AK12: □ 복지카드: 지적·뇌병변장애 중증(~2027.11.09.) | AL12: 특수학교 입학 불가 시 유예 희망 | AM12: 2명 장애전담 / 24일 10~11시 slms2018@hanmail.net
A13: 10 | B13: 시립미사어린이집 | D13: 3 | E13: 박교빈 | F13: 남 | G13: 2020.10.19. | I13: O | J13: 지적장애 | K13: 지적·뇌병변장애 | L13: 심한 | M13: 경기도 구리시 장자대로37번길 55, 106동 1101호 | N13: 백문초등학교 | O13: 특수학급 | P13: 0.578 | Q13: 백문초등학교 | R13: 특수학급 | S13: 0.578 | T13: 도림초등학교 | U13: 특수학급 | V13: 0.741 | W13: 교문초등학교 | X13: 특수학급 | Y13: 1 | Z13: 010-7640-7460 | AB13: 구리남양주 | AC13: 경은학교 | AD13: 특수학교 | AE13: 구리남양주 | AF13: 복합특수학급 신설 | AG13: 복합특수학급 | AH13: 의정부 | AI13: 송민학교 | AJ13: 특수학교 | AK13: □ 장애인증명서: 지적·뇌병변장애 심한 (발급일: 2026.06.15.) | AL13: 복지카드 유효기한은 2027년 2월이나 장애인증명서가 있어서 갈음 가능함 | AM13: 2명 장애전담 / 24일 10~11시 slms2018@hanmail.net
A14: 11 | B14: 영진햇살어린이집 | D14: 3 | E14: 최민재 | F14: 남 | G14: 2020.01.10. | I14: O | J14: 자폐성장애 | K14: 자폐성장애 | L14: 심한 | M14: 경기도 남양주시 화도읍 경춘로 1922번길 16, 202호 | N14: 마석초등학교 | O14: 특수학급 | P14: 0.311 | Q14: 마석초등학교 | R14: 특수학급 | S14: 0.311 | T14: 창현초등학교 | U14: 특수학급 | V14: 0.768 | W14: 남양주송라초등학교 | X14: 특수학급 | Y14: 0.858 | Z14: 010-3361-0124 | AB14: 구리남양주 | AC14: 경은학교 | AD14: 특수학교 | AK14: □ 복지카드: 자폐성장애 중증(~2032.1.17.) | AL14: 특수학교 기각되면 취학유예 예정 | AM14: 매주 수요일 결석 26일 14~16시 연락 jjin4846@naver.com
A15: 12 | B15: 시립하나어린이집 | D15: 3 | E15: 윤하진 월 | F15: 남 | G15: 2018.02.11. | I15: O | J15: 중도중복장애 | K15: 지적·뇌병변장애 | L15: 중증 | M15: 경기도 남양주시 화도읍 비룡로 56-8, 101동 1802호 | N15: 남양주송라초등학교 | O15: 특수학급 | P15: 0.629 | Q15: 남양주송라초등학교 | R15: 특수학급 | S15: 0.629 | T15: 마석초등학교 | U15: 특수학급 | V15: 1.3 | W15: 은솔초등학교 | X15: 특수학급 | Y15: 1.4 | Z15: 010-4310-8179 | AB15: 구리남양주 | AC15: 경은학교 | AD15: 특수학교 | AK15: □ 복지카드: 지적·뇌병변장애 중증(~2030.10.24.) | AL15: 장애인증명서 제출 완료 | AM15: 27(월) 10~11시 nyjhana@naver.com
A16: 13 | B16: 시립하나어린이집 | D16: 3 | E16: 유태영 월 | F16: 남 | G16: 2019.11.18. | I16: O | J16: 지적장애 | K16: 지적장애 | L16: 심한 | M16: 경기도 남양주시 화도읍 경춘로 2290번길2, 105동102호 | N16: 남양주월산초등학교 | O16: 특수학급 | P16: 0.375 | Q16: 남양주월산초등학교 | R16: 특수학급 | S16: 0.375 | T16: 마석초등학교 | U16: 특수학급 | V16: 3.9 | W16: 남양주송라초등학교 | X16: 특수학급 | Y16: 4.5 | Z16: 010-7105-1116 | AB16: 구리남양주 | AC16: 경은학교 | AD16: 특수학교 | AK16: □ 장애인증명서: 지적장애 심한장애 | AL16: 특수학교 기각되면 취학유예 예정 | AM16: 27(월) 10~11시
A17: 14 | B17: 시립하나어린이집 | D17: 3 | E17: 박시영 월 | F17: 여 | G17: 2018.09.17. | I17: O | J17: 지체장애 | K17: 뇌병변장애 | L17: 중증 | M17: 경기도 남양주시 화도읍 비룡로 56-8, 105동301호 | N17: 남양주송라초등학교 | O17: 특수학급 | P17: 0.3 | Q17: 남양주송라초등학교 | R17: 특수학급 | S17: 0.3 | T17: 마석초등학교 | U17: 특수학급 | V17: 1.3 | W17: 화도초등학교 | X17: 특수학급 | Y17: 1.4 | Z17: 010-8610-4533 | AB17: 구리남양주 | AC17: 경은학교 | AD17: 특수학교 | AK17: □ 장애인증명서: 뇌병변 심한장애 | AL17: 경은 기각되면 취학유예 또는 재활 위해 면제 고려중 | AM17: 27(월) 10~11시 / 학급 다름
A18: 15 | B18: 시립하나어린이집 | D18: 3 | E18: 이윤아 수 | F18: 여 | G18: 2019.03.12. | I18: O | J18: 자폐성장애 | K18: 자폐성장애 | L18: 중증 | M18: 경기도 남양주시 백봉로 32, 105동 701동 | N18: 하랑초등학교 | O18: 특수학급 | P18: 0.639 | Q18: 평동초등학교 | R18: 특수학급 | S18: 0.984 | T18: 구룡초등학교 | U18: 특수학급 | V18: 1 | W18: 평내초등학교 | X18: 특수학급 | Y18: 1.9 | Z18: 010-5910-4061 | AB18: 구리남양주 | AC18: 경은학교 | AD18: 특수학교 | AE18: 구리남양주 | AF18: 복합특수학급 신설 | AG18: 복합특수학급 | AK18: □ 복지카드: 자폐성장애 중증(~2030.10.22.) | AL18: 내년에 초등학교 입학하는 비장애 자녀와 다른 학교 배치를 희망하요 1~3희망교를 모두 학구 외로 기재 | AM18: 29(수) 10~11시
A19: 16 | B19: 시립하나어린이집 | D19: 3 | E19: 김주하 수 | F19: 남 | G19: 2019.03.03. | I19: O | J19: 자폐성장애 | K19: 자폐성장애 | L19: 중증 | M19: 경기도 남양주시 화도읍 경춘로 2290번길2, 111동103호 | N19: 남양주월산초등학교 | O19: 특수학급 | P19: 0.187 | Q19: 남양주월산초등학교 | R19: 특수학급 | S19: 0.187 | T19: 마석초등학교 | U19: 특수학급 | V19: 3.8 | W19: 남양주송라초등학교 | X19: 특수학급 | Y19: 4.4 | Z19: 010-3222-5480 | AB19: 구리남양주 | AC19: 경은학교 | AD19: 특수학교 | AE19: 구리남양주 | AF19: 복합특수학급신설 | AK19: □ 복지카드: 자폐성장애 중증(~2039.01.11.) | AL19: 가족관계증명서, 등본 제출(한부모) | AM19: 29(수) 10~11시
A20: 17 | B20: 노원구 초록어린이집 | D20: 3 | E20: 이희민 | F20: 남 | G20: 2020.03.23. | I20: O | J20: 자폐성장애 | K20: 자폐성장애 | L20: 중증 | M20: 경기도 남양주시 별내3로 159, 2707동 704호 | N20: 별가람초등학교 | O20: 특수학급 | P20: 0.01 | Q20: 별가람초등학교 | R20: 특수학급 | S20: 0.01 | T20: 화접초등학교 | U20: 특수학급 | V20: 1.1 | W20: 한별초등학교 | X20: 특수학급 | Y20: 2 | Z20: 010-3738-8719 | AA20: 김찬희(어린이집) | AB20: 구리남양주 | AC20: 경은학교 | AD20: 특수학교 | AE20: 구리남양주 | AF20: 복합특수학급 신설 | AG20: 복합특수학급 | AH20: 의정부 | AI20: 송민학교 | AJ20: 특수학교 | AK20: □ 복지카드: 자폐성장애 중증(~2032.03.31.) | AM20: platanus4@hanmail.net 7/16(목) 10시 | AO20: 4
A21: 18 | B21: 일본사이타마시립특별지원학교 | C21: 일본 | D21: 1 | E21: 양세린 | F21: 여 | G21: 2019.12.30. | I21: O | J21: 지적장애 | M21: 경기도 남양주시 다산중앙로82번길 106, 6401동 2605호 | N21: 다산별빛초등학교 | O21: 특수학급 | P21: 0.321 | Q21: 다산별빛초등학교 | R21: 특수학급 | S21: 0.321 | T21: 다산새봄초등학교 | U21: 특수학급 | V21: 0.7 | W21: 금교초등학교 | X21: 특수학급 | Y21: 0.833 | Z21: 010-8175-2518 | AB21: 구리남양주 | AC21: 경은학교 | AD21: 특수학교 | AK21: ※2026년 1월 22일 검사 실시 □ K-WPPSI-Ⅳ: 전체IQ 41(언어이해 50, 시공간 46, 유동추론 45, 작업기억 45, 처리속도 45/매우 낮음) □ 사회성숙도: SA 2세8개월, SQ 44.66(중등도) □ 적응행동: 표준점수 51(상당히 저조한 수준) | AL21: 특수학교를 희망하나 일본에 거주 중이라, 7~8월 중 심층관찰 일정 협의 예정 / 현재 귀국 예정은 없고, 8/21(금)까지 심층 마쳐야 함을 문자로 안내함. | AM21: 일본 거주 / 7~8월쯤 협의
A22: 19 | B22: 구지초등학교병설유치원 | C22: 특수학급 | D22: 3 | E22: 김시율 | F22: 여 | G22: 2020.08.12. | H22: O | J22: 자폐성장애 | K22: 자폐성장애 | L22: 중증 | M22: 경기도 구리시 경춘로 276번길 21, 105동202호 | N22: 구리초등학교 | O22: 특수학급 | P22: 0.146 | Q22: 구리초등학교 | R22: 특수학급 | S22: 0.146 | T22: 구지초등학교 | U22: 특수학급 | V22: 1.2 | W22: 동구초등학교 | X22: 특수학급 | Y22: 1.4 | Z22: 010-5116-2446 | AA22: 한미선 | AB22: 구리남양주 | AC22: 경은학교 | AD22: 특수학교 | AK22: □ 복지카드: 자폐성장애 중증(~2031.12.30.) | AM22: 7/1,7/10 제외만. 7/9(목) 10시 | AN22: 유치원 | AO22: 2a | AP22: 약 안먹긴 하지만, 임팩트 가장 큼, 안정기에도 복도 생활.. 전형적 자폐 여아
A23: 20 | B23: 다산한강유치원 | C23: 특수학급 | D23: 3 | E23: 김태리 | F23: 남 | G23: 2020.01.20. | H23: O | J23: 자폐성장애 | K23: 자폐성,언어장애 | L23: 중증 | M23: 경기도 남양주시 다산지금로 146번길 117, 7511-1901 | N23: 다산한강초등학교 | O23: 특수학급 | P23: 0.23 | Q23: 다산한강초등학교 | R23: 특수학급 | S23: 0.23 | T23: 가운초등학교 | U23: 특수학급 | V23: 1.8 | W23: 양정초등학교 | X23: 특수학급 | Y23: 2.3 | Z23: 010-8504-2941 | AA23: 김해지 | AB23: 구리남양주 | AC23: 경은학교 | AD23: 특수학교 | AE23: 광주하남 | AF23: 성광학교 | AG23: 특수학교 | AH23: 구리남양주 | AI23: 사능초등학교 | AJ23: 복합특수학급 | AK23: □ 복지카드: 자폐성,언어장애 중증(~2031.10.14.) | AL23: 하남 성광학교를 2희망으로. / 경은을 1희망으로 수정 | AM23: 2명 같은 반 / 7/15(수) 10시 | AN23: 유치원 | AO23: 3
A24: 21 | B24: 다산한강유치원 | C24: 특수학급 | D24: 3 | E24: 이해빈 | F24: 여 | G24: 2020.05.13. | H24: O | J24: 자폐성장애 | K24: 자폐성장애 | L24: 중증 | M24: 경기도 남양주시 다산지금로 146번길 117, 7502동 2902호 | N24: 다산한강초등학교 | O24: 특수학급 | P24: 0.036 | Q24: 다산한강초등학교 | R24: 특수학급 | S24: 0.036 | T24: 남양주양정초등학교 | U24: 특수학급 | W24: 도농초등학교 | X24: 특수학급 | Z24: 010-5377-5204 | AA24: 김해지 | AB24: 구리남양주 | AC24: 경은학교 | AD24: 특수학교 | AK24: □ 복지카드: 자폐성장애 중증(~2032.02.03.) | AL24: 근거리 가운초, 양정초 순 안내 / 의견서 추가 예정 | AM24: 2명 같은 반 / 7/15(수) 10시 | AN24: 유치원 | AO24: 4
A25: 22 | B25: 산마루초등학교병설유치원 | C25: 특수학급 | D25: 3 | E25: 김서율 | F25: 여 | G25: 2020.10.03. | H25: O | J25: 발달지체 | M25: 경기도 구리시 갈매순환로 204번길 8-32, 202호(갈매동) | N25: 산마루초등학교 | O25: 특수학급 | Q25: 산마루초등학교 | R25: 특수학급 | T25: 갈매초등학교 | U25: 특수학급 | W25: 내양초등학교 | X25: 특수학급 | Z25: 010-9769-4972 | AA25: 안선영 | AB25: 구리남양주 | AC25: 경은학교 | AD25: 특수학교 | AM25: 8,14,15,16,22 제외 가능 / 21일(화) 10시 | AN25: 유치원
A26: 23 | B26: 산마루초등학교병설유치원 | C26: 특수학급 | D26: 3 | E26: 정지현 | F26: 여 | G26: 2020.09.15. | H26: O | J26: 자폐성장애 | K26: 자폐성장애 | L26: 중증 | M26: 경기도 구리시 갈매중앙로 131, 303동 1103호(갈매동, 한라비발디) | N26: 산마루초등학교 | O26: 특수학급 | Q26: 산마루초등학교 | R26: 특수학급 | T26: 갈매초등학교 | U26: 특수학급 | W26: 한별초등학교 | X26: 특수학급 | Z26: 010-4345-0582 | AA26: 안선영 | AB26: 구리남양주 | AC26: 경은학교 | AD26: 특수학교 | AM26: 8,14,15,16,22 제외 가능 / 21일(화) 10시 | AN26: 유치원
A27: 24 | B27: 화도은솔유치원 | C27: 특수학급 | D27: 3 | E27: 진시아 | F27: 여 | G27: 2020.03.19. | H27: O | J27: 발달지체 | K27: 자폐성장애 | L27: 중증 | M27: 경기도 남양주시 화도읍 비룡로 56-8, 107동 303호 (신명스카이뷰그린) | N27: 남양주송라초 | O27: 특수학급 | Q27: 남양주송라초등학교 | R27: 특수학급 | T27: 마석초 | U27: 특수학급 | W27: 화도초 | X27: 특수학급 | Z27: 010-9153-1455 | AA27: 류창준 | AB27: 구리남양주 | AC27: 경은학교 | AD27: 특수학교 | AM27: 2명 다른 반 / 7/10(금) 10시~12시 | AN27: 유치원 | AO27: 4
A28: 25 | B28: 부평초등학교병설유치원 | C28: 특수학급 | D28: 3 | E28: 오세준 | F28: 남 | G28: 2020.02.10. | H28: O | J28: 자폐성장애(발달지체) | K28: 자폐성장애 | L28: 중증 | M28: 경기도 남양주시 진접읍 부평로 48번길 110, 104동1801호 (진접서희스타힐스) | N28: 부평초등학교 | O28: 특수학급 | P28: 0.552 | Q28: 부평초등학교 | R28: 특수학급 | S28: 0.552 | T28: 진접초등학교 | U28: 특수학급 | V28: 3.1 | W28: 장승초등학교 | X28: 특수학급 | Y28: 1.5 | Z28: 010-5481-4321 | AA28: 김영미 | AB28: 구리남양주 | AC28: 경은학교 | AD28: 특수학교 | AE28: 구리남양주 | AF28: 복합특수학급 신설 | AG28: 특수학급 | AK28: □ 복지카드: 자폐성장애 중증(~2031.7.1.) | AL28: *2근거리 장승초, 3근거리 광릉초 안내 | AM28: 22일(수) 10시 | AN28: 유치원
A31: 광주하남 7.20부터 발송
A32: 의정부 9월 특운위 마치고 발송

Sheet 심층관찰(6-7월)
A1: 46174
A2: 일 | B2: 월 | C2: 화 | D2: 수 | E2: 목 | F2: 금 | G2: 토
B3: 1 | C3: 2 | D3: 3 | E3: 4 | F3: 5 | G3: 6
A4: 7 | B4: 8 | C4: 9 | D4: 10 | E4: 11 | F4: 12 | G4: 13
A5: 14 | B5: 15 | C5: 16 | D5: 17 | E5: 18 | F5: 19 경은 9시 김하람 | G5: 20
A6: 21 | B6: 22 | C6: 23 다움어린이집 10시 이예찬 | D6: 24 시립갈매어린이집 14시 이인규 | E6: 25 남양주도담유치원 10시 윤시우 | F6: 26 | G6: 27
A7: 28 | B7: 29 | C7: 30 시립토평마을어린이집 10시 박규빈
A9: 46204
A10: 일 | B10: 월 | C10: 화 | D10: 수 | E10: 목 | F10: 금 | G10: 토
D11: 1 시립행복모아어린이집(광주하남) 10시30분 김하린 | E11: 2 창현유치원 10시40분 최은우 | F11: 3 | G11: 4
A12: 5 | B12: 6 | C12: 7 | D12: 8 | E12: 9 | F12: 10 | G12: 11
A13: 12 | B13: 13 | C13: 14 | D13: 15 | E13: 16 | F13: 17 | G13: 18
A14: 19 | B14: 20 | C14: 21 | D14: 22 | E14: 23 | F14: 24 | G14: 25
A15: 26 | B15: 27 | C15: 28 | D15: 29 | E15: 30 | F15: 31

Sheet 27.3.1.자 재배치
A1: 연번 | B1: 소속교 | C1: 학급유형 | D1: 학년 | E1: 성명 | F1: 성별 | G1: 생년월일 | H1: 장애유형 | K1: 주소 | L1: 최근거리교 | O1: 희망교 | X1: 연락처 | Z1: 특수학교 | AI1: 특이사항 | AJ1: 접수완료
H2: 특수교육법 | I2: 장애인복지법 | L2: 학교명 | M2: 배치유형 | N2: 거리(km) | O2: 1희망교 | R2: 2희망교 | U2: 3희망교 | Z2: 1희망 | AC2: 2희망 | AF2: 3희망
H3: 영역 | I3: 영역 | J3: 정도 | O3: 학교명 | P3: 배치유형 | Q3: 거리(km) | R3: 학교명 | S3: 배치유형 | T3: 거리(km) | U3: 학교명 | V3: 배치유형 | W3: 거리(km) | X3: 보호자 | Y3: 담당교사 | Z3: 지역 | AA3: 학교명 | AB3: 학급유형 | AC3: 지역 | AD3: 학교명 | AE3: 학급유형 | AF3: 지역 | AG3: 학교명 | AH3: 학급유형
A4: 1 | B4: 갈매초등학교 | C4: 특수학급 | D4: 1 | E4: 장우준 | F4: 남 | G4: 2018.04.18. | H4: 지적장애 | I4: 지적장애 | J4: 중증 | K4: 경기도 구리시 갈매중앙로 131, 311-102 | L4: 산마루초등학교 | M4: 특수학급 | N4: 1.1 | O4: 산마루초등학교 | P4: 특수학급 | Q4: 0.845 | R4: 내양초등학교 | S4: 특수학급 | T4: 2.2 | X4: 010-4772-0929 | Y4: 강혜은 | AI4: 산마루초 학구인데, 갈매초에 배치되었었음. / 도보임 | AJ4: 완료

Sheet 초입 (특수학급)
A1: 연번 | B1: 구분 | C1: 선정배치 | E1: 소속교 | F1: 학급유형 | G1: 학년 | H1: 성명 | I1: 성별 | J1: 생년월일 | K1: 장애유형(유형변경 고려 필요) | N1: 최근거리교 | R1: 희망교 | V1: 검사결과 | W1: 특이사항 | X1: 연락처 | Z1: 주소
C2: 기존 | D2: 신규 | K2: 특수교육법 | L2: 장애인복지법 | N2: 학교명 | O2: 배치유형 | P2: 통학방법 | Q2: 거리(km) | R2: 학교명 | S2: 배치유형 | T2: 통학방법 | U2: 거리(km)
K3: 영역 | L3: 영역 | M3: 정도 | X3: 보호자 | Y3: 담당교사
A4: =초입!A4 -> 1 | B4: 초입 | C4: =IF(초입!H4<>"","O","") | D4: =IF(초입!I4<>"","O","") -> O | E4: =초입!B4 -> 시립동구어린이집 | F4: =IF(초입!C4="","",초입!C4) | G4: =IF(초입!D4="","",초입!D4) -> 3 | H4: =IF(초입!E4="","",초입!E4) -> 김연성 | I4: =IF(초입!F4="","",초입!F4) -> 남 | J4: =IF(초입!G4="","",초입!G4) -> 2020.02.25. | K4: =IF(초입!J4="","",초입!J4) -> 의사소통장애 (지적장애 범주) | L4: =IF(초입!K4="","",초입!K4) | M4: =IF(초입!L4="","",초입!L4) | N4: =IF(초입!N4="","",초입!N4) -> 구리초등학교 | O4: =IF(초입!O4="","",초입!O4) -> 특수학급 | P4: =IF(초입!P4="","",초입!P4) | Q4: =IF(초입!Q4="","",초입!Q4) -> 0.1 | R4: =IF(초입!R4="","","1. "&초입!R4&IF(초입!V4<>"",CHAR(10)&"2. "&초입!V4,"")&IF(초입!Z4<>"",CHAR(10)&"3. "&초입!Z4,"")) -> 1. 구리초등학교 2. 구지초등학교 3. 동구초등학교 | S4: =IF(초입!S4="","",""&초입!S4&IF(초입!W4<>"",CHAR(10)&""&초입!W4,"")&IF(초입!AA4<>"",CHAR(10)&""&초입!AA4,"")) -> 특수학급 특수학급 특수학급 | T4: =IF(초입!T4="","",""&초입!T4&IF(초입!X4<>"",CHAR(10)&""&초입!X4,"")&IF(초입!AB4<>"",CHAR(10)&""&초입!AB4,"")) | U4: =IF(초입!U4="","",""&초입!U4&IF(초입!Y4<>"",CHAR(10)&""&초입!Y4,"")&IF(초입!AC4<>"",CHAR(10)&""&초입!AC4,"")) -> 0.1 1.2 1.4 | V4: =IF(초입!AO4="","",초입!AO4) -> ※심리평가보고서(2026.3.12.) □ K-WPPSI-Ⅳ: 전체IQ 53(언어이해 50, 시공간 79, 유동추론 66, 작업기억 61, 처리속도 64/매우 낮음) □ 사회성숙도: SA 4세7개월, SQ 78.33(경계선) □ CARS: 22.5점 □ 적응행동검사: 표준점수 70(저조한 수준) | W4: =IF(초입!AP4="","",초입!AP4) -> *검사결과 지적장애 범주. 신규지만 지적장애로 유형변경 | X4: =IF(초입!AD4="","",초입!AD4) -> 010-8865-6065 | Y4: =IF(초입!AE4="","",초입!AE4) | Z4: =IF(초입!M4="","",초입!M4) -> 경기도 구리시 경춘로276번길 21, 107동 1002호(구리역한양수자인)
A5: =초입!A5 -> 2 | B5: 초입 | C5: =IF(초입!H5<>"","O","") | D5: =IF(초입!I5<>"","O","") -> O | E5: =초입!B5 -> 없음 | F5: =IF(초입!C5="","",초입!C5) | G5: =IF(초입!D5="","",초입!D5) | H5: =IF(초입!E5="","",초입!E5) -> 김주연 | I5: =IF(초입!F5="","",초입!F5) -> 여 | J5: =IF(초입!G5="","",초입!G5) -> 2020.10.10. | K5: =IF(초입!J5="","",초입!J5) -> 지적장애 | L5: =IF(초입!K5="","",초입!K5) -> 지적·자폐성장애 | M5: =IF(초입!L5="","",초입!L5) -> 중증 | N5: =IF(초입!N5="","",초입!N5) -> 부양초등학교 | O5: =IF(초입!O5="","",초입!O5) -> 특수학급 | P5: =IF(초입!P5="","",초입!P5) | Q5: =IF(초입!Q5="","",초입!Q5) -> 0.454 | R5: =IF(초입!R5="","","1. "&초입!R5&IF(초입!V5<>"",CHAR(10)&"2. "&초입!V5,"")&IF(초입!Z5<>"",CHAR(10)&"3. "&초입!Z5,"")) -> 1. 부양초등학교 2. 백문초등학교 3. 토평초등학교 | S5: =IF(초입!S5="","",""&초입!S5&IF(초입!W5<>"",CHAR(10)&""&초입!W5,"")&IF(초입!AA5<>"",CHAR(10)&""&초입!AA5,"")) -> 특수학급 특수학급 특수학급 | T5: =IF(초입!T5="","",""&초입!T5&IF(초입!X5<>"",CHAR(10)&""&초입!X5,"")&IF(초입!AB5<>"",CHAR(10)&""&초입!AB5,"")) | U5: =IF(초입!U5="","",""&초입!U5&IF(초입!Y5<>"",CHAR(10)&""&초입!Y5,"")&IF(초입!AC5<>"",CHAR(10)&""&초입!AC5,"")) -> 0.454 1.2 1.2 | V5: =IF(초입!AO5="","",초입!AO5) -> □ 복지카드: 지적,자폐성장애 중증(~2032.03.02.) | W5: =IF(초입!AP5="","",초입!AP5) -> 7월30일 거주지 이전 / 대중교통 이용 / 현 주소 기준으로 거리 작성됨 / 자차기준 토평, 백문, 도림, 교문 모두 1.1~1.2km임 / 1순위 안되면 참고 | X5: =IF(초입!AD5="","",초입!AD5) -> 010-8999-2232 | Y5: =IF(초입!AE5="","",초입!AE5) | Z5: =IF(초입!M5="","",초입!M5) -> 현: 경기도 구리시 건원대로 92, 115동 1405호(인창동 주공아파트) 이사: 경기도 구리시 수택동 444-6
A6: =초입!A6 -> 3 | B6: 초입 | C6: =IF(초입!H6<>"","O","") | D6: =IF(초입!I6<>"","O","") -> O | E6: =초입!B6 -> 하늘숲어린이집 | F6: =IF(초입!C6="","",초입!C6) | G6: =IF(초입!D6="","",초입!D6) -> 3 | H6: =IF(초입!E6="","",초입!E6) -> 양서율 | I6: =IF(초입!F6="","",초입!F6) -> 여 | J6: =IF(초입!G6="","",초입!G6) -> 2020.01.26. | K6: =IF(초입!J6="","",초입!J6) -> 자폐성장애 | L6: =IF(초입!K6="","",초입!K6) -> 자폐성장애 | M6: =IF(초입!L6="","",초입!L6) -> 중증 | N6: =IF(초입!N6="","",초입!N6) -> 오남초등학교 | O6: =IF(초입!O6="","",초입!O6) -> 특수학급 | P6: =IF(초입!P6="","",초입!P6) | Q6: =IF(초입!Q6="","",초입!Q6) -> 1.4 | R6: =IF(초입!R6="","","1. "&초입!R6&IF(초입!V6<>"",CHAR(10)&"2. "&초입!V6,"")&IF(초입!Z6<>"",CHAR(10)&"3. "&초입!Z6,"")) -> 1. 오남초등학교 2. 남양주양지초등학교 3. 양오초등학교 | S6: =IF(초입!S6="","",""&초입!S6&IF(초입!W6<>"",CHAR(10)&""&초입!W6,"")&IF(초입!AA6<>"",CHAR(10)&""&초입!AA6,"")) -> 특수학급 특수학급 특수학급 | T6: =IF(초입!T6="","",""&초입!T6&IF(초입!X6<>"",CHAR(10)&""&초입!X6,"")&IF(초입!AB6<>"",CHAR(10)&""&초입!AB6,"")) | U6: =IF(초입!U6="","",""&초입!U6&IF(초입!Y6<>"",CHAR(10)&""&초입!Y6,"")&IF(초입!AC6<>"",CHAR(10)&""&초입!AC6,"")) -> 1.4 1.2 1.8 | V6: =IF(초입!AO6="","",초입!AO6) -> □ 복지카드: 자폐성장애 중증(~2028.09.28.) | W6: =IF(초입!AP6="","",초입!AP6) | X6: =IF(초입!AD6="","",초입!AD6) -> 010-2228-7151 | Y6: =IF(초입!AE6="","",초입!AE6) | Z6: =IF(초입!M6="","",초입!M6) -> 경기도 남양주시 오남읍 양지로46번길 130, 102동 503호
A7: =초입!A7 -> 4 | B7: 초입 | C7: =IF(초입!H7<>"","O","") | D7: =IF(초입!I7<>"","O","") -> O | E7: =초입!B7 -> 시립토평마을어린이집 | F7: =IF(초입!C7="","",초입!C7) | G7: =IF(초입!D7="","",초입!D7) -> 3 | H7: =IF(초입!E7="","",초입!E7) -> 신주원 | I7: =IF(초입!F7="","",초입!F7) -> 남 | J7: =IF(초입!G7="","",초입!G7) -> 2020.08.16. | K7: =IF(초입!J7="","",초입!J7) -> 자폐성장애 | L7: =IF(초입!K7="","",초입!K7) -> 자폐성장애 | M7: =IF(초입!L7="","",초입!L7) -> 중증 | N7: =IF(초입!N7="","",초입!N7) -> 부양초등학교 | O7: =IF(초입!O7="","",초입!O7) -> 특수학급 | P7: =IF(초입!P7="","",초입!P7) | Q7: =IF(초입!Q7="","",초입!Q7) -> 0.45 | R7: =IF(초입!R7="","","1. "&초입!R7&IF(초입!V7<>"",CHAR(10)&"2. "&초입!V7,"")&IF(초입!Z7<>"",CHAR(10)&"3. "&초입!Z7,"")) -> 1. 부양초등학교 2. 수택초등학교 3. 교문초등학교 | S7: =IF(초입!S7="","",""&초입!S7&IF(초입!W7<>"",CHAR(10)&""&초입!W7,"")&IF(초입!AA7<>"",CHAR(10)&""&초입!AA7,"")) -> 특수학급 특수학급 특수학급 | T7: =IF(초입!T7="","",""&초입!T7&IF(초입!X7<>"",CHAR(10)&""&초입!X7,"")&IF(초입!AB7<>"",CHAR(10)&""&초입!AB7,"")) | U7: =IF(초입!U7="","",""&초입!U7&IF(초입!Y7<>"",CHAR(10)&""&초입!Y7,"")&IF(초입!AC7<>"",CHAR(10)&""&초입!AC7,"")) -> 0.45 1.1 1.1 | V7: =IF(초입!AO7="","",초입!AO7) -> □ 복지카드: 자폐성장애 중증(~2032.01.14.) | W7: =IF(초입!AP7="","",초입!AP7) -> 도보 기준 작성함. 자동차기준, 교문1.2 / 토평1.1 / 수택 1.9 | X7: =IF(초입!AD7="","",초입!AD7) -> 010-3003-1574 | Y7: =IF(초입!AE7="","",초입!AE7) | Z7: =IF(초입!M7="","",초입!M7) -> 경기도 구리시 검배로72번길 89, 3층
A8: =초입!A8 -> 5 | B8: 초입 | C8: =IF(초입!H8<>"","O","") | D8: =IF(초입!I8<>"","O","") -> O | E8: =초입!B8 -> 시립토평마을어린이집 | F8: =IF(초입!C8="","",초입!C8) | G8: =IF(초입!D8="","",초입!D8) -> 3 | H8: =IF(초입!E8="","",초입!E8) -> 김서하 | I8: =IF(초입!F8="","",초입!F8) -> 남 | J8: =IF(초입!G8="","",초입!G8) -> 2020.07.15. | K8: =IF(초입!J8="","",초입!J8) -> 청각장애 | L8: =IF(초입!K8="","",초입!K8) -> 청각장애 | M8: =IF(초입!L8="","",초입!L8) -> 중증 | N8: =IF(초입!N8="","",초입!N8) -> 수택초등학교 | O8: =IF(초입!O8="","",초입!O8) -> 특수학급 | P8: =IF(초입!P8="","",초입!P8) | Q8: =IF(초입!Q8="","",초입!Q8) -> 0.237 | R8: =IF(초입!R8="","","1. "&초입!R8&IF(초입!V8<>"",CHAR(10)&"2. "&초입!V8,"")&IF(초입!Z8<>"",CHAR(10)&"3. "&초입!Z8,"")) -> 1. 수택초등학교 2. 수택초등학교 | S8: =IF(초입!S8="","",""&초입!S8&IF(초입!W8<>"",CHAR(10)&""&초입!W8,"")&IF(초입!AA8<>"",CHAR(10)&""&초입!AA8,"")) -> 특수학급 일반학급 | T8: =IF(초입!T8="","",""&초입!T8&IF(초입!X8<>"",CHAR(10)&""&초입!X8,"")&IF(초입!AB8<>"",CHAR(10)&""&초입!AB8,"")) | U8: =IF(초입!U8="","",""&초입!U8&IF(초입!Y8<>"",CHAR(10)&""&초입!Y8,"")&IF(초입!AC8<>"",CHAR(10)&""&초입!AC8,"")) -> 0.237 0.237 | V8: =IF(초입!AO8="","",초입!AO8) -> □ 복지카드: 청각장애 중증(유효기한 없음) | W8: =IF(초입!AP8="","",초입!AP8) -> 쌍둥이(김루하)와 동일교 배치 희망, 등본제출함 | X8: =IF(초입!AD8="","",초입!AD8) -> 010-9133-1701 | Y8: =IF(초입!AE8="","",초입!AE8) | Z8: =IF(초입!M8="","",초입!M8) -> 경기도 구리시 검배로 142 204동, 1104호(SK신일아파트)
A9: =초입!A9 -> 6 | B9: 초입 | C9: =IF(초입!H9<>"","O","") | D9: =IF(초입!I9<>"","O","") -> O | E9: =초입!B9 -> 시립토평마을어린이집 | F9: =IF(초입!C9="","",초입!C9) | G9: =IF(초입!D9="","",초입!D9) -> 3 | H9: =IF(초입!E9="","",초입!E9) -> 김루하 | I9: =IF(초입!F9="","",초입!F9) -> 남 | J9: =IF(초입!G9="","",초입!G9) -> 2020.07.15. | K9: =IF(초입!J9="","",초입!J9) -> 청각장애 | L9: =IF(초입!K9="","",초입!K9) -> 청각장애 | M9: =IF(초입!L9="","",초입!L9) -> 경증 | N9: =IF(초입!N9="","",초입!N9) -> 수택초등학교 | O9: =IF(초입!O9="","",초입!O9) -> 특수학급 | P9: =IF(초입!P9="","",초입!P9) | Q9: =IF(초입!Q9="","",초입!Q9) -> 0.237 | R9: =IF(초입!R9="","","1. "&초입!R9&IF(초입!V9<>"",CHAR(10)&"2. "&초입!V9,"")&IF(초입!Z9<>"",CHAR(10)&"3. "&초입!Z9,"")) -> 1. 수택초등학교 2. 수택초등학교 | S9: =IF(초입!S9="","",""&초입!S9&IF(초입!W9<>"",CHAR(10)&""&초입!W9,"")&IF(초입!AA9<>"",CHAR(10)&""&초입!AA9,"")) -> 특수학급 일반학급 | T9: =IF(초입!T9="","",""&초입!T9&IF(초입!X9<>"",CHAR(10)&""&초입!X9,"")&IF(초입!AB9<>"",CHAR(10)&""&초입!AB9,"")) | U9: =IF(초입!U9="","",""&초입!U9&IF(초입!Y9<>"",CHAR(10)&""&초입!Y9,"")&IF(초입!AC9<>"",CHAR(10)&""&초입!AC9,"")) -> 0.237 0.237 | V9: =IF(초입!AO9="","",초입!AO9) -> □ 복지카드: 청각장애 경증(~2028.07.28) | W9: =IF(초입!AP9="","",초입!AP9) -> 쌍둥이(김서하)와 동일교 배치 희망, 등본제출함 | X9: =IF(초입!AD9="","",초입!AD9) -> 010-9133-1701 | Y9: =IF(초입!AE9="","",초입!AE9) | Z9: =IF(초입!M9="","",초입!M9) -> 경기도 구리시 검배로 142 204동, 1104호(SK신일아파트)
A10: =초입!A10 -> 7 | B10: 초입 | C10: =IF(초입!H10<>"","O","") | D10: =IF(초입!I10<>"","O","") -> O | E10: =초입!B10 -> 화도어린이집 | F10: =IF(초입!C10="","",초입!C10) | G10: =IF(초입!D10="","",초입!D10) -> 3 | H10: =IF(초입!E10="","",초입!E10) -> 김로건 | I10: =IF(초입!F10="","",초입!F10) -> 남 | J10: =IF(초입!G10="","",초입!G10) -> 2020.10.12. | K10: =IF(초입!J10="","",초입!J10) -> 자폐성장애 | L10: =IF(초입!K10="","",초입!K10) -> 자폐성장애 | M10: =IF(초입!L10="","",초입!L10) -> 중증 | N10: =IF(초입!N10="","",초입!N10) -> 금남초등학교 | O10: =IF(초입!O10="","",초입!O10) -> 일반학급 | P10: =IF(초입!P10="","",초입!P10) | Q10: =IF(초입!Q10="","",초입!Q10) -> 0.05 | R10: =IF(초입!R10="","","1. "&초입!R10&IF(초입!V10<>"",CHAR(10)&"2. "&초입!V10,"")&IF(초입!Z10<>"",CHAR(10)&"3. "&초입!Z10,"")) -> 1. 금남초등학교 | S10: =IF(초입!S10="","",""&초입!S10&IF(초입!W10<>"",CHAR(10)&""&초입!W10,"")&IF(초입!AA10<>"",CHAR(10)&""&초입!AA10,"")) -> 일반학급 | T10: =IF(초입!T10="","",""&초입!T10&IF(초입!X10<>"",CHAR(10)&""&초입!X10,"")&IF(초입!AB10<>"",CHAR(10)&""&초입!AB10,"")) | U10: =IF(초입!U10="","",""&초입!U10&IF(초입!Y10<>"",CHAR(10)&""&초입!Y10,"")&IF(초입!AC10<>"",CHAR(10)&""&초입!AC10,"")) -> 0.05 | V10: =IF(초입!AO10="","",초입!AO10) -> □ 복지카드: 자폐성장애 중증(~2029.10.10.) | W10: =IF(초입!AP10="","",초입!AP10) | X10: =IF(초입!AD10="","",초입!AD10) -> 010-5350-1095 | Y10: =IF(초입!AE10="","",초입!AE10) | Z10: =IF(초입!M10="","",초입!M10) -> 경기도 남양주시 화도읍 북한강로 1503번길2, 2층
A11: =초입!A11 -> 8 | B11: 초입 | C11: =IF(초입!H11<>"","O","") | D11: =IF(초입!I11<>"","O","") -> O | E11: =초입!B11 -> 장현새싹어린이집 | F11: =IF(초입!C11="","",초입!C11) | G11: =IF(초입!D11="","",초입!D11) -> 3 | H11: =IF(초입!E11="","",초입!E11) -> 오태희 | I11: =IF(초입!F11="","",초입!F11) -> 여 | J11: =IF(초입!G11="","",초입!G11) -> 2020.04.17. | K11: =IF(초입!J11="","",초입!J11) -> 발달지체 | L11: =IF(초입!K11="","",초입!K11) | M11: =IF(초입!L11="","",초입!L11) | N11: =IF(초입!N11="","",초입!N11) -> 장현초등학교 | O11: =IF(초입!O11="","",초입!O11) -> 특수학급 | P11: =IF(초입!P11="","",초입!P11) | Q11: =IF(초입!Q11="","",초입!Q11) -> 0.1 | R11: =IF(초입!R11="","","1. "&초입!R11&IF(초입!V11<>"",CHAR(10)&"2. "&초입!V11,"")&IF(초입!Z11<>"",CHAR(10)&"3. "&초입!Z11,"")) -> 1. 장현초등학교 2. 장현초등학교 | S11: =IF(초입!S11="","",""&초입!S11&IF(초입!W11<>"",CHAR(10)&""&초입!W11,"")&IF(초입!AA11<>"",CHAR(10)&""&초입!AA11,"")) -> 특수학급 일반학급 | T11: =IF(초입!T11="","",""&초입!T11&IF(초입!X11<>"",CHAR(10)&""&초입!X11,"")&IF(초입!AB11<>"",CHAR(10)&""&초입!AB11,"")) | U11: =IF(초입!U11="","",""&초입!U11&IF(초입!Y11<>"",CHAR(10)&""&초입!Y11,"")&IF(초입!AC11<>"",CHAR(10)&""&초입!AC11,"")) -> 0.1 0.1 | V11: =IF(초입!AO11="","",초입!AO11) -> 진단평가 필요 | W11: =IF(초입!AP11="","",초입!AP11) | X11: =IF(초입!AD11="","",초입!AD11) -> 010-2895-1244 | Y11: =IF(초입!AE11="","",초입!AE11) | Z11: =IF(초입!M11="","",초입!M11) -> 경기도 남양주시 진접읍 장현로 87번길 9, 남양주택 라동 403호
A12: =초입!A12 -> 9 | B12: 초입 | C12: =IF(초입!H12<>"","O","") | D12: =IF(초입!I12<>"","O","") -> O | E12: =초입!B12 -> 구리시립갈매어린이집 | F12: =IF(초입!C12="","",초입!C12) | G12: =IF(초입!D12="","",초입!D12) -> 3 | H12: =IF(초입!E12="","",초입!E12) -> 이인규 | I12: =IF(초입!F12="","",초입!F12) -> 남 | J12: =IF(초입!G12="","",초입!G12) -> 2020.11.12. | K12: =IF(초입!J12="","",초입!J12) -> 의사소통장애 (지적장애 범주이나, 검사결과 신뢰X, 발달지체?, 심층관찰 시 자폐 성향) | L12: =IF(초입!K12="","",초입!K12) | M12: =IF(초입!L12="","",초입!L12) | N12: =IF(초입!N12="","",초입!N12) -> 퇴계원초등학교 | O12: =IF(초입!O12="","",초입!O12) -> 특수학급 | P12: =IF(초입!P12="","",초입!P12) | Q12: =IF(초입!Q12="","",초입!Q12) -> 1.1 | R12: =IF(초입!R12="","","1. "&초입!R12&IF(초입!V12<>"",CHAR(10)&"2. "&초입!V12,"")&IF(초입!Z12<>"",CHAR(10)&"3. "&초입!Z12,"")) -> 1. 퇴계원초등학교 2. 도제원초등학교 3. 내양초등학교 | S12: =IF(초입!S12="","",""&초입!S12&IF(초입!W12<>"",CHAR(10)&""&초입!W12,"")&IF(초입!AA12<>"",CHAR(10)&""&초입!AA12,"")) -> 특수학급 특수학급 특수학급 | T12: =IF(초입!T12="","",""&초입!T12&IF(초입!X12<>"",CHAR(10)&""&초입!X12,"")&IF(초입!AB12<>"",CHAR(10)&""&초입!AB12,"")) | U12: =IF(초입!U12="","",""&초입!U12&IF(초입!Y12<>"",CHAR(10)&""&초입!Y12,"")&IF(초입!AC12<>"",CHAR(10)&""&초입!AC12,"")) -> 1.1 1.1 2.4 | V12: =IF(초입!AO12="","",초입!AO12) -> ※2026년 7월 9일 검사 실시 □K-WPPSI-IV: 전체IQ 40 (언어이해 45, 시공간 79, 유동추론 45, 작업기억 45, 처리속도 45/매우 낮음) □적응행동검사: 표준점수 54(상당히 저조한 수준) □사회성숙도: SA 1세 11개월, SQ 35.30(중등도) | W12: =IF(초입!AP12="","",초입!AP12) | X12: =IF(초입!AD12="","",초입!AD12) -> 010-4397-1648 | Y12: =IF(초입!AE12="","",초입!AE12) | Z12: =IF(초입!M12="","",초입!M12) -> 경기도 남양주시 퇴계원읍 도제원로 89-1, 102동 301호(삼성하이츠)
A13: =초입!A13 -> 10 | B13: 초입 | C13: =IF(초입!H13<>"","O","") | D13: =IF(초입!I13<>"","O","") -> O | E13: =초입!B13 -> 다산아이사랑어린이집 | F13: =IF(초입!C13="","",초입!C13) | G13: =IF(초입!D13="","",초입!D13) -> 3 | H13: =IF(초입!E13="","",초입!E13) -> 정이안 | I13: =IF(초입!F13="","",초입!F13) -> 여 | J13: =IF(초입!G13="","",초입!G13) -> 2020.08.10. | K13: =IF(초입!J13="","",초입!J13) -> 자폐성장애 | L13: =IF(초입!K13="","",초입!K13) -> 발급중 | M13: =IF(초입!L13="","",초입!L13) | N13: =IF(초입!N13="","",초입!N13) -> 다산새봄초등학교 | O13: =IF(초입!O13="","",초입!O13) -> 특수학급 | P13: =IF(초입!P13="","",초입!P13) | Q13: =IF(초입!Q13="","",초입!Q13) -> 0.385 | R13: =IF(초입!R13="","","1. "&초입!R13&IF(초입!V13<>"",CHAR(10)&"2. "&초입!V13,"")&IF(초입!Z13<>"",CHAR(10)&"3. "&초입!Z13,"")) -> 1. 다산새봄초등학교 2. 다산가람초등학교 3. 남양주다산초등학교 | S13: =IF(초입!S13="","",""&초입!S13&IF(초입!W13<>"",CHAR(10)&""&초입!W13,"")&IF(초입!AA13<>"",CHAR(10)&""&초입!AA13,"")) -> 특수학급 특수학급 특수학급 | T13: =IF(초입!T13="","",""&초입!T13&IF(초입!X13<>"",CHAR(10)&""&초입!X13,"")&IF(초입!AB13<>"",CHAR(10)&""&초입!AB13,"")) | U13: =IF(초입!U13="","",""&초입!U13&IF(초입!Y13<>"",CHAR(10)&""&초입!Y13,"")&IF(초입!AC13<>"",CHAR(10)&""&초입!AC13,"")) -> 0.385 0.878 1.2 | V13: =IF(초입!AO13="","",초입!AO13) -> ※ 6월 중 복지카드 발급 예정 / 7월중말로 연기 | W13: =IF(초입!AP13="","",초입!AP13) -> *비장애 쌍둥이와 동일교 배치 희망 *2027년 1~2월 중 이사 예정, 그러나 이사 예정지와 입주일이 불명확하여 10월 말까지 계약서가 나오면 별도 연락주기로 함. | X13: =IF(초입!AD13="","",초입!AD13) -> 010-6641-1224 | Y13: =IF(초입!AE13="","",초입!AE13) | Z13: =IF(초입!M13="","",초입!M13) -> 경기도 남양주시 다산중앙로82번길 12, 5302동 2502호(다산자연앤 이편한세상 3차)
A14: =초입!A14 -> 11 | B14: 초입 | C14: =IF(초입!H14<>"","O","") | D14: =IF(초입!I14<>"","O","") -> O | E14: =초입!B14 -> 시립호평어린이집 | F14: =IF(초입!C14="","",초입!C14) | G14: =IF(초입!D14="","",초입!D14) -> 3 | H14: =IF(초입!E14="","",초입!E14) -> 김다원 | I14: =IF(초입!F14="","",초입!F14) -> 남 | J14: =IF(초입!G14="","",초입!G14) -> 2020.08.09. | K14: =IF(초입!J14="","",초입!J14) -> 청각장애 | L14: =IF(초입!K14="","",초입!K14) -> 청각장애 | M14: =IF(초입!L14="","",초입!L14) -> 중증 | N14: =IF(초입!N14="","",초입!N14) -> 남양주백봉초등학교 | O14: =IF(초입!O14="","",초입!O14) -> 특수학급 | P14: =IF(초입!P14="","",초입!P14) | Q14: =IF(초입!Q14="","",초입!Q14) -> 0.159 | R14: =IF(초입!R14="","","1. "&초입!R14&IF(초입!V14<>"",CHAR(10)&"2. "&초입!V14,"")&IF(초입!Z14<>"",CHAR(10)&"3. "&초입!Z14,"")) -> 1. 남양주백봉초등학교 2. 남양주백봉초등학교 | S14: =IF(초입!S14="","",""&초입!S14&IF(초입!W14<>"",CHAR(10)&""&초입!W14,"")&IF(초입!AA14<>"",CHAR(10)&""&초입!AA14,"")) -> 특수학급 일반학급 | T14: =IF(초입!T14="","",""&초입!T14&IF(초입!X14<>"",CHAR(10)&""&초입!X14,"")&IF(초입!AB14<>"",CHAR(10)&""&초입!AB14,"")) | U14: =IF(초입!U14="","",""&초입!U14&IF(초입!Y14<>"",CHAR(10)&""&초입!Y14,"")&IF(초입!AC14<>"",CHAR(10)&""&초입!AC14,"")) -> 0.159 0.159 | V14: =IF(초입!AO14="","",초입!AO14) -> □ 복지카드: 청각장애 중증(유효기한 없음) | W14: =IF(초입!AP14="","",초입!AP14) | X14: =IF(초입!AD14="","",초입!AD14) -> 010-9220-1146 | Y14: =IF(초입!AE14="","",초입!AE14) | Z14: =IF(초입!M14="","",초입!M14) -> 경기도 남양주시 평내로 104, 1905동 503호
A15: =초입!A15 -> 12 | B15: 초입 | C15: =IF(초입!H15<>"","O","") | D15: =IF(초입!I15<>"","O","") -> O | E15: =초입!B15 -> 하람어린이집 | F15: =IF(초입!C15="","",초입!C15) | G15: =IF(초입!D15="","",초입!D15) -> 3 | H15: =IF(초입!E15="","",초입!E15) -> 김하건 | I15: =IF(초입!F15="","",초입!F15) -> 남 | J15: =IF(초입!G15="","",초입!G15) -> 2020.07.16. | K15: =IF(초입!J15="","",초입!J15) -> 자폐성장애 | L15: =IF(초입!K15="","",초입!K15) -> 자폐성장애 | M15: =IF(초입!L15="","",초입!L15) -> 중증 | N15: =IF(초입!N15="","",초입!N15) -> 갈매초등학교 | O15: =IF(초입!O15="","",초입!O15) -> 특수학급 | P15: =IF(초입!P15="","",초입!P15) | Q15: =IF(초입!Q15="","",초입!Q15) -> 0.649 | R15: =IF(초입!R15="","","1. "&초입!R15&IF(초입!V15<>"",CHAR(10)&"2. "&초입!V15,"")&IF(초입!Z15<>"",CHAR(10)&"3. "&초입!Z15,"")) -> 1. 갈매초등학교 2. 산마루초등학교 3. 한별초등학교 | S15: =IF(초입!S15="","",""&초입!S15&IF(초입!W15<>"",CHAR(10)&""&초입!W15,"")&IF(초입!AA15<>"",CHAR(10)&""&초입!AA15,"")) -> 특수학급 특수학급 특수학급 | T15: =IF(초입!T15="","",""&초입!T15&IF(초입!X15<>"",CHAR(10)&""&초입!X15,"")&IF(초입!AB15<>"",CHAR(10)&""&초입!AB15,"")) | U15: =IF(초입!U15="","",""&초입!U15&IF(초입!Y15<>"",CHAR(10)&""&초입!Y15,"")&IF(초입!AC15<>"",CHAR(10)&""&초입!AC15,"")) -> 0.649 0.433 2.5 | V15: =IF(초입!AO15="","",초입!AO15) -> □ 복지카드: 자폐성장애 중증(~2029.06.21.) | W15: =IF(초입!AP15="","",초입!AP15) | X15: =IF(초입!AD15="","",초입!AD15) -> 010-4714-7728 | Y15: =IF(초입!AE15="","",초입!AE15) | Z15: =IF(초입!M15="","",초입!M15) -> 경기도 구리시 산마루로 46, 409동 1302호
... A101: =초입!A101 -> 98 | B101: 초입 | C101: =IF(초입!H101<>"","O","") -> O | D101: =IF(초입!I101<>"","O","") | E101: =초입!B101 -> 부평초등학교병설유치원 | F101: =IF(초입!C101="","",초입!C101) -> 특수학급 | G101: =IF(초입!D101="","",초입!D101) -> 3 | H101: =IF(초입!E101="","",초입!E101) -> 오하린 | I101: =IF(초입!F101="","",초입!F101) -> 여 | J101: =IF(초입!G101="","",초입!G101) -> 2020.09.09. | K101: =IF(초입!J101="","",초입!J101) -> 발달지체 | L101: =IF(초입!K101="","",초입!K101) | M101: =IF(초입!L101="","",초입!L101) | N101: =IF(초입!N101="","",초입!N101) -> 부평초등학교 | O101: =IF(초입!O101="","",초입!O101) -> 특수학급 | P101: =IF(초입!P101="","",초입!P101) | Q101: =IF(초입!Q101="","",초입!Q101) -> 0.353 | R101: =IF(초입!R101="","","1. "&초입!R101&IF(초입!V101<>"",CHAR(10)&"2. "&초입!V101,"")&IF(초입!Z101<>"",CHAR(10)&"3. "&초입!Z101,"")) -> 1. 부평초등학교 2. 장승초등학교 3. 광릉초등학교 | S101: =IF(초입!S101="","",""&초입!S101&IF(초입!W101<>"",CHAR(10)&""&초입!W101,"")&IF(초입!AA101<>"",CHAR(10)&""&초입!AA101,"")) -> 특수학급 특수학급 특수학급 | T101: =IF(초입!T101="","",""&초입!T101&IF(초입!X101<>"",CHAR(10)&""&초입!X101,"")&IF(초입!AB101<>"",CHAR(10)&""&초입!AB101,"")) | U101: =IF(초입!U101="","",""&초입!U101&IF(초입!Y101<>"",CHAR(10)&""&초입!Y101,"")&IF(초입!AC101<>"",CHAR(10)&""&초입!AC101,"")) -> 0.672 1.1 1.8 | V101: =IF(초입!AO101="","",초입!AO101) | W101: =IF(초입!AP101="","",초입!AP101) | X101: =IF(초입!AD101="","",초입!AD101) -> 010-4787-9057 | Y101: =IF(초입!AE101="","",초입!AE101) -> 김영미 | Z101: =IF(초입!M101="","",초입!M101) -> 경기도 남양주시 진접읍 부평로48번길 140, 105동 1501호(더샵퍼스트시티)

Sheet 초입 (특수학교)
A1: 연번 | B1: 구분 | C1: 선정배치 | E1: 소속교 | F1: 학급유형 | G1: 학년 | H1: 성명 | I1: 성별 | J1: 생년월일 | K1: 장애유형(유형변경 고려 필요) | N1: 희망교 | Q1: 검사결과 | R1: 특이사항 | S1: 연락처 | U1: 주소
C2: 기존 | D2: 신규 | K2: 특수교육법 | L2: 장애인복지법 | N2: 학교명 | O2: 지역 | P2: 학급유형
K3: 영역 | L3: 영역 | M3: 정도 | S3: 보호자 | T3: 담당교사
B4: 초입 | C4: =IF(초입!H4<>"","O","") | D4: =IF(초입!I4<>"","O","") -> O | E4: =초입!B4 -> 시립동구어린이집 | F4: =IF(초입!C4="","",초입!C4) | G4: =IF(초입!D4="","",초입!D4) -> 3 | H4: =IF(초입!E4="","",초입!E4) -> 김연성 | I4: =IF(초입!F4="","",초입!F4) -> 남 | J4: =IF(초입!G4="","",초입!G4) -> 2020.02.25. | K4: =IF(초입!J4="","",초입!J4) -> 의사소통장애 (지적장애 범주) | L4: =IF(초입!K4="","",초입!K4) | M4: =IF(초입!L4="","",초입!L4) | N4: =IF(초입!AF4="","","1. "&초입!AF4&IF(초입!AI4<>"",CHAR(10)&"2. "&초입!AI4,"")&IF(초입!AL4<>"",CHAR(10)&"3. "&초입!AL4,"")) | O4: =IF(초입!AG4="","",초입!AG4&IF(초입!AJ4<>"",CHAR(10)&초입!AJ4,"")&IF(초입!AM4<>"",CHAR(10)&초입!AM4,"")) | P4: =IF(초입!AH4="","",초입!AH4&IF(초입!AK4<>"",CHAR(10)&초입!AK4,"")&IF(초입!AN4<>"",CHAR(10)&초입!AN4,"")) | Q4: =IF(초입!AO4="","",초입!AO4) -> ※심리평가보고서(2026.3.12.) □ K-WPPSI-Ⅳ: 전체IQ 53(언어이해 50, 시공간 79, 유동추론 66, 작업기억 61, 처리속도 64/매우 낮음) □ 사회성숙도: SA 4세7개월, SQ 78.33(경계선) □ CARS: 22.5점 □ 적응행동검사: 표준점수 70(저조한 수준) | R4: =IF(초입!AP4="","",초입!AP4) -> *검사결과 지적장애 범주. 신규지만 지적장애로 유형변경 | S4: =IF(초입!AD4="","",초입!AD4) -> 010-8865-6065 | T4: =IF(초입!AE4="","",초입!AE4) | U4: =IF(초입!M4="","",초입!M4) -> 경기도 구리시 경춘로276번길 21, 107동 1002호(구리역한양수자인)
B5: 초입 | C5: =IF(초입!H5<>"","O","") | D5: =IF(초입!I5<>"","O","") -> O | E5: =초입!B5 -> 없음 | F5: =IF(초입!C5="","",초입!C5) | G5: =IF(초입!D5="","",초입!D5) | H5: =IF(초입!E5="","",초입!E5) -> 김주연 | I5: =IF(초입!F5="","",초입!F5) -> 여 | J5: =IF(초입!G5="","",초입!G5) -> 2020.10.10. | K5: =IF(초입!J5="","",초입!J5) -> 지적장애 | L5: =IF(초입!K5="","",초입!K5) -> 지적·자폐성장애 | M5: =IF(초입!L5="","",초입!L5) -> 중증 | N5: =IF(초입!AF5="","","1. "&초입!AF5&IF(초입!AI5<>"",CHAR(10)&"2. "&초입!AI5,"")&IF(초입!AL5<>"",CHAR(10)&"3. "&초입!AL5,"")) | O5: =IF(초입!AG5="","",초입!AG5&IF(초입!AJ5<>"",CHAR(10)&초입!AJ5,"")&IF(초입!AM5<>"",CHAR(10)&초입!AM5,"")) | P5: =IF(초입!AH5="","",초입!AH5&IF(초입!AK5<>"",CHAR(10)&초입!AK5,"")&IF(초입!AN5<>"",CHAR(10)&초입!AN5,"")) | Q5: =IF(초입!AO5="","",초입!AO5) -> □ 복지카드: 지적,자폐성장애 중증(~2032.03.02.) | R5: =IF(초입!AP5="","",초입!AP5) -> 7월30일 거주지 이전 / 대중교통 이용 / 현 주소 기준으로 거리 작성됨 / 자차기준 토평, 백문, 도림, 교문 모두 1.1~1.2km임 / 1순위 안되면 참고 | S5: =IF(초입!AD5="","",초입!AD5) -> 010-8999-2232 | T5: =IF(초입!AE5="","",초입!AE5) | U5: =IF(초입!M5="","",초입!M5) -> 현: 경기도 구리시 건원대로 92, 115동 1405호(인창동 주공아파트) 이사: 경기도 구리시 수택동 444-6
A6: =SUBTOTAL(103,$N$6:N6) -> 1 | B6: 초입 | C6: =IF(초입!H6<>"","O","") | D6: =IF(초입!I6<>"","O","") -> O | E6: =초입!B6 -> 하늘숲어린이집 | F6: =IF(초입!C6="","",초입!C6) | G6: =IF(초입!D6="","",초입!D6) -> 3 | H6: =IF(초입!E6="","",초입!E6) -> 양서율 | I6: =IF(초입!F6="","",초입!F6) -> 여 | J6: =IF(초입!G6="","",초입!G6) -> 2020.01.26. | K6: =IF(초입!J6="","",초입!J6) -> 자폐성장애 | L6: =IF(초입!K6="","",초입!K6) -> 자폐성장애 | M6: =IF(초입!L6="","",초입!L6) -> 중증 | N6: =IF(초입!AG6="","","1. "&초입!AG6&IF(초입!AJ6<>"",CHAR(10)&"2. "&초입!AJ6,"")&IF(초입!AM6<>"",CHAR(10)&"3. "&초입!AM6,"")) -> 1. 경은학교 2. 복합특수학급 신설 3. 송민학교 | O6: =IF(초입!AF6="","",초입!AF6&IF(초입!AI6<>"",CHAR(10)&초입!AI6,"")&IF(초입!AL6<>"",CHAR(10)&초입!AL6,"")) -> 구리남양주 구리남양주 의정부 | P6: =IF(초입!AH6="","",초입!AH6&IF(초입!AK6<>"",CHAR(10)&초입!AK6,"")&IF(초입!AN6<>"",CHAR(10)&초입!AN6,"")) -> 특수학교 복합특수학급 특수학교 | Q6: =IF(초입!AO6="","",초입!AO6) -> □ 복지카드: 자폐성장애 중증(~2028.09.28.) | R6: =IF(초입!AP6="","",초입!AP6) | S6: =IF(초입!AD6="","",초입!AD6) -> 010-2228-7151 | T6: =IF(초입!AE6="","",초입!AE6) | U6: =IF(초입!M6="","",초입!M6) -> 경기도 남양주시 오남읍 양지로46번길 130, 102동 503호
B7: 초입 | C7: =IF(초입!H7<>"","O","") | D7: =IF(초입!I7<>"","O","") -> O | E7: =초입!B7 -> 시립토평마을어린이집 | F7: =IF(초입!C7="","",초입!C7) | G7: =IF(초입!D7="","",초입!D7) -> 3 | H7: =IF(초입!E7="","",초입!E7) -> 신주원 | I7: =IF(초입!F7="","",초입!F7) -> 남 | J7: =IF(초입!G7="","",초입!G7) -> 2020.08.16. | K7: =IF(초입!J7="","",초입!J7) -> 자폐성장애 | L7: =IF(초입!K7="","",초입!K7) -> 자폐성장애 | M7: =IF(초입!L7="","",초입!L7) -> 중증 | N7: =IF(초입!AF7="","","1. "&초입!AF7&IF(초입!AI7<>"",CHAR(10)&"2. "&초입!AI7,"")&IF(초입!AL7<>"",CHAR(10)&"3. "&초입!AL7,"")) | O7: =IF(초입!AG7="","",초입!AG7&IF(초입!AJ7<>"",CHAR(10)&초입!AJ7,"")&IF(초입!AM7<>"",CHAR(10)&초입!AM7,"")) | P7: =IF(초입!AH7="","",초입!AH7&IF(초입!AK7<>"",CHAR(10)&초입!AK7,"")&IF(초입!AN7<>"",CHAR(10)&초입!AN7,"")) | Q7: =IF(초입!AO7="","",초입!AO7) -> □ 복지카드: 자폐성장애 중증(~2032.01.14.) | R7: =IF(초입!AP7="","",초입!AP7) -> 도보 기준 작성함. 자동차기준, 교문1.2 / 토평1.1 / 수택 1.9 | S7: =IF(초입!AD7="","",초입!AD7) -> 010-3003-1574 | T7: =IF(초입!AE7="","",초입!AE7) | U7: =IF(초입!M7="","",초입!M7) -> 경기도 구리시 검배로72번길 89, 3층
B8: 초입 | C8: =IF(초입!H8<>"","O","") | D8: =IF(초입!I8<>"","O","") -> O | E8: =초입!B8 -> 시립토평마을어린이집 | F8: =IF(초입!C8="","",초입!C8) | G8: =IF(초입!D8="","",초입!D8) -> 3 | H8: =IF(초입!E8="","",초입!E8) -> 김서하 | I8: =IF(초입!F8="","",초입!F8) -> 남 | J8: =IF(초입!G8="","",초입!G8) -> 2020.07.15. | K8: =IF(초입!J8="","",초입!J8) -> 청각장애 | L8: =IF(초입!K8="","",초입!K8) -> 청각장애 | M8: =IF(초입!L8="","",초입!L8) -> 중증 | N8: =IF(초입!AF8="","","1. "&초입!AF8&IF(초입!AI8<>"",CHAR(10)&"2. "&초입!AI8,"")&IF(초입!AL8<>"",CHAR(10)&"3. "&초입!AL8,"")) | O8: =IF(초입!AG8="","",초입!AG8&IF(초입!AJ8<>"",CHAR(10)&초입!AJ8,"")&IF(초입!AM8<>"",CHAR(10)&초입!AM8,"")) | P8: =IF(초입!AH8="","",초입!AH8&IF(초입!AK8<>"",CHAR(10)&초입!AK8,"")&IF(초입!AN8<>"",CHAR(10)&초입!AN8,"")) | Q8: =IF(초입!AO8="","",초입!AO8) -> □ 복지카드: 청각장애 중증(유효기한 없음) | R8: =IF(초입!AP8="","",초입!AP8) -> 쌍둥이(김루하)와 동일교 배치 희망, 등본제출함 | S8: =IF(초입!AD8="","",초입!AD8) -> 010-9133-1701 | T8: =IF(초입!AE8="","",초입!AE8) | U8: =IF(초입!M8="","",초입!M8) -> 경기도 구리시 검배로 142 204동, 1104호(SK신일아파트)
B9: 초입 | C9: =IF(초입!H9<>"","O","") | D9: =IF(초입!I9<>"","O","") -> O | E9: =초입!B9 -> 시립토평마을어린이집 | F9: =IF(초입!C9="","",초입!C9) | G9: =IF(초입!D9="","",초입!D9) -> 3 | H9: =IF(초입!E9="","",초입!E9) -> 김루하 | I9: =IF(초입!F9="","",초입!F9) -> 남 | J9: =IF(초입!G9="","",초입!G9) -> 2020.07.15. | K9: =IF(초입!J9="","",초입!J9) -> 청각장애 | L9: =IF(초입!K9="","",초입!K9) -> 청각장애 | M9: =IF(초입!L9="","",초입!L9) -> 경증 | N9: =IF(초입!AF9="","","1. "&초입!AF9&IF(초입!AI9<>"",CHAR(10)&"2. "&초입!AI9,"")&IF(초입!AL9<>"",CHAR(10)&"3. "&초입!AL9,"")) | O9: =IF(초입!AG9="","",초입!AG9&IF(초입!AJ9<>"",CHAR(10)&초입!AJ9,"")&IF(초입!AM9<>"",CHAR(10)&초입!AM9,"")) | P9: =IF(초입!AH9="","",초입!AH9&IF(초입!AK9<>"",CHAR(10)&초입!AK9,"")&IF(초입!AN9<>"",CHAR(10)&초입!AN9,"")) | Q9: =IF(초입!AO9="","",초입!AO9) -> □ 복지카드: 청각장애 경증(~2028.07.28) | R9: =IF(초입!AP9="","",초입!AP9) -> 쌍둥이(김서하)와 동일교 배치 희망, 등본제출함 | S9: =IF(초입!AD9="","",초입!AD9) -> 010-9133-1701 | T9: =IF(초입!AE9="","",초입!AE9) | U9: =IF(초입!M9="","",초입!M9) -> 경기도 구리시 검배로 142 204동, 1104호(SK신일아파트)
B10: 초입 | C10: =IF(초입!H10<>"","O","") | D10: =IF(초입!I10<>"","O","") -> O | E10: =초입!B10 -> 화도어린이집 | F10: =IF(초입!C10="","",초입!C10) | G10: =IF(초입!D10="","",초입!D10) -> 3 | H10: =IF(초입!E10="","",초입!E10) -> 김로건 | I10: =IF(초입!F10="","",초입!F10) -> 남 | J10: =IF(초입!G10="","",초입!G10) -> 2020.10.12. | K10: =IF(초입!J10="","",초입!J10) -> 자폐성장애 | L10: =IF(초입!K10="","",초입!K10) -> 자폐성장애 | M10: =IF(초입!L10="","",초입!L10) -> 중증 | N10: =IF(초입!AF10="","","1. "&초입!AF10&IF(초입!AI10<>"",CHAR(10)&"2. "&초입!AI10,"")&IF(초입!AL10<>"",CHAR(10)&"3. "&초입!AL10,"")) | O10: =IF(초입!AG10="","",초입!AG10&IF(초입!AJ10<>"",CHAR(10)&초입!AJ10,"")&IF(초입!AM10<>"",CHAR(10)&초입!AM10,"")) | P10: =IF(초입!AH10="","",초입!AH10&IF(초입!AK10<>"",CHAR(10)&초입!AK10,"")&IF(초입!AN10<>"",CHAR(10)&초입!AN10,"")) | Q10: =IF(초입!AO10="","",초입!AO10) -> □ 복지카드: 자폐성장애 중증(~2029.10.10.) | R10: =IF(초입!AP10="","",초입!AP10) | S10: =IF(초입!AD10="","",초입!AD10) -> 010-5350-1095 | T10: =IF(초입!AE10="","",초입!AE10) | U10: =IF(초입!M10="","",초입!M10) -> 경기도 남양주시 화도읍 북한강로 1503번길2, 2층
B11: 초입 | C11: =IF(초입!H11<>"","O","") | D11: =IF(초입!I11<>"","O","") -> O | E11: =초입!B11 -> 장현새싹어린이집 | F11: =IF(초입!C11="","",초입!C11) | G11: =IF(초입!D11="","",초입!D11) -> 3 | H11: =IF(초입!E11="","",초입!E11) -> 오태희 | I11: =IF(초입!F11="","",초입!F11) -> 여 | J11: =IF(초입!G11="","",초입!G11) -> 2020.04.17. | K11: =IF(초입!J11="","",초입!J11) -> 발달지체 | L11: =IF(초입!K11="","",초입!K11) | M11: =IF(초입!L11="","",초입!L11) | N11: =IF(초입!AF11="","","1. "&초입!AF11&IF(초입!AI11<>"",CHAR(10)&"2. "&초입!AI11,"")&IF(초입!AL11<>"",CHAR(10)&"3. "&초입!AL11,"")) | O11: =IF(초입!AG11="","",초입!AG11&IF(초입!AJ11<>"",CHAR(10)&초입!AJ11,"")&IF(초입!AM11<>"",CHAR(10)&초입!AM11,"")) | P11: =IF(초입!AH11="","",초입!AH11&IF(초입!AK11<>"",CHAR(10)&초입!AK11,"")&IF(초입!AN11<>"",CHAR(10)&초입!AN11,"")) | Q11: =IF(초입!AO11="","",초입!AO11) -> 진단평가 필요 | R11: =IF(초입!AP11="","",초입!AP11) | S11: =IF(초입!AD11="","",초입!AD11) -> 010-2895-1244 | T11: =IF(초입!AE11="","",초입!AE11) | U11: =IF(초입!M11="","",초입!M11) -> 경기도 남양주시 진접읍 장현로 87번길 9, 남양주택 라동 403호
A12: =SUBTOTAL(103,$N$6:N12) -> 2 | B12: 초입 | C12: =IF(초입!H12<>"","O","") | D12: =IF(초입!I12<>"","O","") -> O | E12: =초입!B12 -> 구리시립갈매어린이집 | F12: =IF(초입!C12="","",초입!C12) | G12: =IF(초입!D12="","",초입!D12) -> 3 | H12: =IF(초입!E12="","",초입!E12) -> 이인규 | I12: =IF(초입!F12="","",초입!F12) -> 남 | J12: =IF(초입!G12="","",초입!G12) -> 2020.11.12. | K12: =IF(초입!J12="","",초입!J12) -> 의사소통장애 (지적장애 범주이나, 검사결과 신뢰X, 발달지체?, 심층관찰 시 자폐 성향) | L12: =IF(초입!K12="","",초입!K12) | M12: =IF(초입!L12="","",초입!L12) | N12: =IF(초입!AG12="","","1. "&초입!AG12&IF(초입!AJ12<>"",CHAR(10)&"2. "&초입!AJ12,"")&IF(초입!AM12<>"",CHAR(10)&"3. "&초입!AM12,"")) -> 1. 경은학교 2. 복합특수학급 신설 | O12: =IF(초입!AF12="","",초입!AF12&IF(초입!AI12<>"",CHAR(10)&초입!AI12,"")&IF(초입!AL12<>"",CHAR(10)&초입!AL12,"")) -> 구리남양주 구리남양주 | P12: =IF(초입!AH12="","",초입!AH12&IF(초입!AK12<>"",CHAR(10)&초입!AK12,"")&IF(초입!AN12<>"",CHAR(10)&초입!AN12,"")) -> 특수학교 복합특수학급 | Q12: =IF(초입!AO12="","",초입!AO12) -> ※2026년 7월 9일 검사 실시 □K-WPPSI-IV: 전체IQ 40 (언어이해 45, 시공간 79, 유동추론 45, 작업기억 45, 처리속도 45/매우 낮음) □적응행동검사: 표준점수 54(상당히 저조한 수준) □사회성숙도: SA 1세 11개월, SQ 35.30(중등도) | R12: =IF(초입!AP12="","",초입!AP12) | S12: =IF(초입!AD12="","",초입!AD12) -> 010-4397-1648 | T12: =IF(초입!AE12="","",초입!AE12) | U12: =IF(초입!M12="","",초입!M12) -> 경기도 남양주시 퇴계원읍 도제원로 89-1, 102동 301호(삼성하이츠)
B13: 초입 | C13: =IF(초입!H13<>"","O","") | D13: =IF(초입!I13<>"","O","") -> O | E13: =초입!B13 -> 다산아이사랑어린이집 | F13: =IF(초입!C13="","",초입!C13) | G13: =IF(초입!D13="","",초입!D13) -> 3 | H13: =IF(초입!E13="","",초입!E13) -> 정이안 | I13: =IF(초입!F13="","",초입!F13) -> 여 | J13: =IF(초입!G13="","",초입!G13) -> 2020.08.10. | K13: =IF(초입!J13="","",초입!J13) -> 자폐성장애 | L13: =IF(초입!K13="","",초입!K13) -> 발급중 | M13: =IF(초입!L13="","",초입!L13) | N13: =IF(초입!AF13="","","1. "&초입!AF13&IF(초입!AI13<>"",CHAR(10)&"2. "&초입!AI13,"")&IF(초입!AL13<>"",CHAR(10)&"3. "&초입!AL13,"")) | O13: =IF(초입!AG13="","",초입!AG13&IF(초입!AJ13<>"",CHAR(10)&초입!AJ13,"")&IF(초입!AM13<>"",CHAR(10)&초입!AM13,"")) | P13: =IF(초입!AH13="","",초입!AH13&IF(초입!AK13<>"",CHAR(10)&초입!AK13,"")&IF(초입!AN13<>"",CHAR(10)&초입!AN13,"")) | Q13: =IF(초입!AO13="","",초입!AO13) -> ※ 6월 중 복지카드 발급 예정 / 7월중말로 연기 | R13: =IF(초입!AP13="","",초입!AP13) -> *비장애 쌍둥이와 동일교 배치 희망 *2027년 1~2월 중 이사 예정, 그러나 이사 예정지와 입주일이 불명확하여 10월 말까지 계약서가 나오면 별도 연락주기로 함. | S13: =IF(초입!AD13="","",초입!AD13) -> 010-6641-1224 | T13: =IF(초입!AE13="","",초입!AE13) | U13: =IF(초입!M13="","",초입!M13) -> 경기도 남양주시 다산중앙로82번길 12, 5302동 2502호(다산자연앤 이편한세상 3차)
B14: 초입 | C14: =IF(초입!H14<>"","O","") | D14: =IF(초입!I14<>"","O","") -> O | E14: =초입!B14 -> 시립호평어린이집 | F14: =IF(초입!C14="","",초입!C14) | G14: =IF(초입!D14="","",초입!D14) -> 3 | H14: =IF(초입!E14="","",초입!E14) -> 김다원 | I14: =IF(초입!F14="","",초입!F14) -> 남 | J14: =IF(초입!G14="","",초입!G14) -> 2020.08.09. | K14: =IF(초입!J14="","",초입!J14) -> 청각장애 | L14: =IF(초입!K14="","",초입!K14) -> 청각장애 | M14: =IF(초입!L14="","",초입!L14) -> 중증 | N14: =IF(초입!AF14="","","1. "&초입!AF14&IF(초입!AI14<>"",CHAR(10)&"2. "&초입!AI14,"")&IF(초입!AL14<>"",CHAR(10)&"3. "&초입!AL14,"")) | O14: =IF(초입!AG14="","",초입!AG14&IF(초입!AJ14<>"",CHAR(10)&초입!AJ14,"")&IF(초입!AM14<>"",CHAR(10)&초입!AM14,"")) | P14: =IF(초입!AH14="","",초입!AH14&IF(초입!AK14<>"",CHAR(10)&초입!AK14,"")&IF(초입!AN14<>"",CHAR(10)&초입!AN14,"")) | Q14: =IF(초입!AO14="","",초입!AO14) -> □ 복지카드: 청각장애 중증(유효기한 없음) | R14: =IF(초입!AP14="","",초입!AP14) | S14: =IF(초입!AD14="","",초입!AD14) -> 010-9220-1146 | T14: =IF(초입!AE14="","",초입!AE14) | U14: =IF(초입!M14="","",초입!M14) -> 경기도 남양주시 평내로 104, 1905동 503호
B15: 초입 | C15: =IF(초입!H15<>"","O","") | D15: =IF(초입!I15<>"","O","") -> O | E15: =초입!B15 -> 하람어린이집 | F15: =IF(초입!C15="","",초입!C15) | G15: =IF(초입!D15="","",초입!D15) -> 3 | H15: =IF(초입!E15="","",초입!E15) -> 김하건 | I15: =IF(초입!F15="","",초입!F15) -> 남 | J15: =IF(초입!G15="","",초입!G15) -> 2020.07.16. | K15: =IF(초입!J15="","",초입!J15) -> 자폐성장애 | L15: =IF(초입!K15="","",초입!K15) -> 자폐성장애 | M15: =IF(초입!L15="","",초입!L15) -> 중증 | N15: =IF(초입!AF15="","","1. "&초입!AF15&IF(초입!AI15<>"",CHAR(10)&"2. "&초입!AI15,"")&IF(초입!AL15<>"",CHAR(10)&"3. "&초입!AL15,"")) | O15: =IF(초입!AG15="","",초입!AG15&IF(초입!AJ15<>"",CHAR(10)&초입!AJ15,"")&IF(초입!AM15<>"",CHAR(10)&초입!AM15,"")) | P15: =IF(초입!AH15="","",초입!AH15&IF(초입!AK15<>"",CHAR(10)&초입!AK15,"")&IF(초입!AN15<>"",CHAR(10)&초입!AN15,"")) | Q15: =IF(초입!AO15="","",초입!AO15) -> □ 복지카드: 자폐성장애 중증(~2029.06.21.) | R15: =IF(초입!AP15="","",초입!AP15) | S15: =IF(초입!AD15="","",초입!AD15) -> 010-4714-7728 | T15: =IF(초입!AE15="","",초입!AE15) | U15: =IF(초입!M15="","",초입!M15) -> 경기도 구리시 산마루로 46, 409동 1302호
A16: =SUBTOTAL(103,$N$6:N16) -> 3 | B16: 초입 | C16: =IF(초입!H16<>"","O","") | D16: =IF(초입!I16<>"","O","") -> O | E16: =초입!B16 -> 오남복지어린이집 | F16: =IF(초입!C16="","",초입!C16) | G16: =IF(초입!D16="","",초입!D16) -> 3 | H16: =IF(초입!E16="","",초입!E16) -> 이지오 | I16: =IF(초입!F16="","",초입!F16) -> 남 | J16: =IF(초입!G16="","",초입!G16) -> 2020.04.23. | K16: =IF(초입!J16="","",초입!J16) -> 자폐성장애 | L16: =IF(초입!K16="","",초입!K16) -> 자폐성장애 | M16: =IF(초입!L16="","",초입!L16) -> 중증 | N16: =IF(초입!AG16="","","1. "&초입!AG16&IF(초입!AJ16<>"",CHAR(10)&"2. "&초입!AJ16,"")&IF(초입!AM16<>"",CHAR(10)&"3. "&초입!AM16,"")) -> 1. 복합특수학급 신설 | O16: =IF(초입!AF16="","",초입!AF16&IF(초입!AI16<>"",CHAR(10)&초입!AI16,"")&IF(초입!AL16<>"",CHAR(10)&초입!AL16,"")) -> 구리남양주 | P16: =IF(초입!AH16="","",초입!AH16&IF(초입!AK16<>"",CHAR(10)&초입!AK16,"")&IF(초입!AN16<>"",CHAR(10)&초입!AN16,"")) -> 복합특수학급 | Q16: =IF(초입!AO16="","",초입!AO16) -> □ 복지카드: 자폐성장애 중증(~2032.02.26.) | R16: =IF(초입!AP16="","",초입!AP16) | S16: =IF(초입!AD16="","",초입!AD16) -> 010-8899-3796 | T16: =IF(초입!AE16="","",초입!AE16) | U16: =IF(초입!M16="","",초입!M16) -> 경기도 남양주시 오남읍 진건오남로759번길 5, 101동 207호(보영아파트)
A17: =SUBTOTAL(103,$N$6:N17) -> 4 | B17: 초입 | C17: =IF(초입!H17<>"","O","") | D17: =IF(초입!I17<>"","O","") -> O | E17: =초입!B17 -> 시립미사어린이집 | F17: =IF(초입!C17="","",초입!C17) | G17: =IF(초입!D17="","",초입!D17) -> 3 | H17: =IF(초입!E17="","",초입!E17) -> 한준영 | I17: =IF(초입!F17="","",초입!F17) -> 남 | J17: =IF(초입!G17="","",초입!G17) -> 2020.04.07. | K17: =IF(초입!J17="","",초입!J17) -> 지적장애 (중도중복 가능) | L17: =IF(초입!K17="","",초입!K17) -> 지적·뇌병변장애 | M17: =IF(초입!L17="","",초입!L17) -> 중증 | N17: =IF(초입!AG17="","","1. "&초입!AG17&IF(초입!AJ17<>"",CHAR(10)&"2. "&초입!AJ17,"")&IF(초입!AM17<>"",CHAR(10)&"3. "&초입!AM17,"")) -> 1. 경은학교 2. 송민학교 | O17: =IF(초입!AF17="","",초입!AF17&IF(초입!AI17<>"",CHAR(10)&초입!AI17,"")&IF(초입!AL17<>"",CHAR(10)&초입!AL17,"")) -> 구리남양주 의정부 | P17: =IF(초입!AH17="","",초입!AH17&IF(초입!AK17<>"",CHAR(10)&초입!AK17,"")&IF(초입!AN17<>"",CHAR(10)&초입!AN17,"")) -> 특수학교 특수학교 | Q17: =IF(초입!AO17="","",초입!AO17) -> □ 복지카드: 지적·뇌병변장애 중증(~2027.11.09.) □ 장애인증명서 지적(심한), 뇌병변(심한) 제출 | R17: =IF(초입!AP17="","",초입!AP17) -> 특수학교 입학 불가 시 유예 희망 | S17: =IF(초입!AD17="","",초입!AD17) -> 010-5219-0736 | T17: =IF(초입!AE17="","",초입!AE17) | U17: =IF(초입!M17="","",초입!M17) -> 경기도 남양주시 천마산로12번길 19-10, 101동 404호(메종드힐)
B18: 초입 | C18: =IF(초입!H18<>"","O","") | D18: =IF(초입!I18<>"","O","") -> O | E18: =초입!B18 -> 시립진접어린이집 | F18: =IF(초입!C18="","",초입!C18) | G18: =IF(초입!D18="","",초입!D18) -> 3 | H18: =IF(초입!E18="","",초입!E18) -> 박준상 | I18: =IF(초입!F18="","",초입!F18) -> 남 | J18: =IF(초입!G18="","",초입!G18) -> 2020.06.02. | K18: =IF(초입!J18="","",초입!J18) -> 자폐성장애 | L18: =IF(초입!K18="","",초입!K18) -> 자폐성장애 | M18: =IF(초입!L18="","",초입!L18) -> 중증 | N18: =IF(초입!AF18="","","1. "&초입!AF18&IF(초입!AI18<>"",CHAR(10)&"2. "&초입!AI18,"")&IF(초입!AL18<>"",CHAR(10)&"3. "&초입!AL18,"")) | O18: =IF(초입!AG18="","",초입!AG18&IF(초입!AJ18<>"",CHAR(10)&초입!AJ18,"")&IF(초입!AM18<>"",CHAR(10)&초입!AM18,"")) | P18: =IF(초입!AH18="","",초입!AH18&IF(초입!AK18<>"",CHAR(10)&초입!AK18,"")&IF(초입!AN18<>"",CHAR(10)&초입!AN18,"")) | Q18: =IF(초입!AO18="","",초입!AO18) -> □ 복지카드: 자폐성장애 중증(~2032.05.20.) | R18: =IF(초입!AP18="","",초입!AP18) -> *장승초에 재학 중인 장애 형제와 동일교 배치 희망 *형제 재학증명서 추가 제출 전화 요청하고 받았음 | S18: =IF(초입!AD18="","",초입!AD18) -> 010-8963-3676 | T18: =IF(초입!AE18="","",초입!AE18) | U18: =IF(초입!M18="","",초입!M18) -> 경기도 남양주시 진접읍 금강로 1530-14, 102동 301호(진접하우스토리)
B19: 초입 | C19: =IF(초입!H19<>"","O","") | D19: =IF(초입!I19<>"","O","") -> O | E19: =초입!B19 -> 시립다산아이편한어린이집 | F19: =IF(초입!C19="","",초입!C19) | G19: =IF(초입!D19="","",초입!D19) -> 3 | H19: =IF(초입!E19="","",초입!E19) -> 윤수아 | I19: =IF(초입!F19="","",초입!F19) -> 여 | J19: =IF(초입!G19="","",초입!G19) -> 2020.08.13. | K19: =IF(초입!J19="","",초입!J19) -> 자폐성장애 | L19: =IF(초입!K19="","",초입!K19) -> 자폐성장애 | M19: =IF(초입!L19="","",초입!L19) -> 중증 | N19: =IF(초입!AF19="","","1. "&초입!AF19&IF(초입!AI19<>"",CHAR(10)&"2. "&초입!AI19,"")&IF(초입!AL19<>"",CHAR(10)&"3. "&초입!AL19,"")) | O19: =IF(초입!AG19="","",초입!AG19&IF(초입!AJ19<>"",CHAR(10)&초입!AJ19,"")&IF(초입!AM19<>"",CHAR(10)&초입!AM19,"")) | P19: =IF(초입!AH19="","",초입!AH19&IF(초입!AK19<>"",CHAR(10)&초입!AK19,"")&IF(초입!AN19<>"",CHAR(10)&초입!AN19,"")) | Q19: =IF(초입!AO19="","",초입!AO19) -> □ 복지카드: 자폐성장애 중증(~2032.02.16.) | R19: =IF(초입!AP19="","",초입!AP19) | S19: =IF(초입!AD19="","",초입!AD19) -> 010-4760-2025 | T19: =IF(초입!AE19="","",초입!AE19) | U19: =IF(초입!M19="","",초입!M19) -> 경기도 남양주시 다산중앙로 82번안길 74, 605동 305호(다산푸르지오)
B20: 초입 | C20: =IF(초입!H20<>"","O","") | D20: =IF(초입!I20<>"","O","") -> O | E20: =초입!B20 -> 무지개유치원 | F20: =IF(초입!C20="","",초입!C20) | G20: =IF(초입!D20="","",초입!D20) -> 3 | H20: =IF(초입!E20="","",초입!E20) -> 김서진 | I20: =IF(초입!F20="","",초입!F20) -> 남 | J20: =IF(초입!G20="","",초입!G20) -> 2020.11.12. | K20: =IF(초입!J20="","",초입!J20) -> 발달지체 | L20: =IF(초입!K20="","",초입!K20) | M20: =IF(초입!L20="","",초입!L20) | N20: =IF(초입!AF20="","","1. "&초입!AF20&IF(초입!AI20<>"",CHAR(10)&"2. "&초입!AI20,"")&IF(초입!AL20<>"",CHAR(10)&"3. "&초입!AL20,"")) | O20: =IF(초입!AG20="","",초입!AG20&IF(초입!AJ20<>"",CHAR(10)&초입!AJ20,"")&IF(초입!AM20<>"",CHAR(10)&초입!AM20,"")) | P20: =IF(초입!AH20="","",초입!AH20&IF(초입!AK20<>"",CHAR(10)&초입!AK20,"")&IF(초입!AN20<>"",CHAR(10)&초입!AN20,"")) | Q20: =IF(초입!AO20="","",초입!AO20) -> 26.6.26에 병원에서 윕시 검사 실시, 검사결과 유치원으로 제출 안내완 사회성숙도 추가실시 | R20: =IF(초입!AP20="","",초입!AP20) -> 의뢰서 수정공문 요청. / 배치유형, 등본확인 / 6.26에 외부 평가 실시함 / 양식 수정본과 함께 결과 보고서 공문으로 받아야함 | S20: =IF(초입!AD20="","",초입!AD20) -> 010-4745-1367 | T20: =IF(초입!AE20="","",초입!AE20) | U20: =IF(초입!M20="","",초입!M20) -> 경기도 남양주시 덕소로 2번길 39, 덕소강변삼익@ 108동 1502호
B21: 초입 | C21: =IF(초입!H21<>"","O","") -> O | D21: =IF(초입!I21<>"","O","") | E21: =초입!B21 -> 남양주신촌초등학교병설유치원 | F21: =IF(초입!C21="","",초입!C21) -> 특수학급 | G21: =IF(초입!D21="","",초입!D21) -> 3 | H21: =IF(초입!E21="","",초입!E21) -> 강민찬 | I21: =IF(초입!F21="","",초입!F21) -> 남 | J21: =IF(초입!G21="","",초입!G21) -> 2020.01.08. | K21: =IF(초입!J21="","",초입!J21) -> 발달지체 (자폐성장애 가능) | L21: =IF(초입!K21="","",초입!K21) | M21: =IF(초입!L21="","",초입!L21) | N21: =IF(초입!AF21="","","1. "&초입!AF21&IF(초입!AI21<>"",CHAR(10)&"2. "&초입!AI21,"")&IF(초입!AL21<>"",CHAR(10)&"3. "&초입!AL21,"")) | O21: =IF(초입!AG21="","",초입!AG21&IF(초입!AJ21<>"",CHAR(10)&초입!AJ21,"")&IF(초입!AM21<>"",CHAR(10)&초입!AM21,"")) | P21: =IF(초입!AH21="","",초입!AH21&IF(초입!AK21<>"",CHAR(10)&초입!AK21,"")&IF(초입!AN21<>"",CHAR(10)&초입!AN21,"")) | Q21: =IF(초입!AO21="","",초입!AO21) -> ※심리평가보고서(2026.5.14.) □K-WPPSI-IV: 전체IQ 40 (언어이해 45, 시공간 46, 유동추론 45, 작업기억 45, 처리속도 45/매우낮음) □사회성숙도: SA 2세 4개월, SQ 38.07(매우낮음) □K-CARS-Ⅱ(ST): 총점 35점(경도에서 중등도 수준의 자폐 관련 행동) -CBCL, 적응행동검사 추기실시? | R21: =IF(초입!AP21="","",초입!AP21) -> 발달지체로 작성했지만 자폐성장애로 유형 변경 가능성 인지 진단서: 소아기 자폐증(임상적 추정) | S21: =IF(초입!AD21="","",초입!AD21) -> 010-6239-9038 | T21: =IF(초입!AE21="","",초입!AE21) | U21: =IF(초입!M21="","",초입!M21) -> 경기도 남양주시 평내로 89, 1302동 2003호
A22: =SUBTOTAL(103,$N$6:N22) -> 5 | B22: 초입 | C22: =IF(초입!H22<>"","O","") | D22: =IF(초입!I22<>"","O","") -> O | E22: =초입!B22 -> 시립토평마을어린이집 | F22: =IF(초입!C22="","",초입!C22) | G22: =IF(초입!D22="","",초입!D22) -> 3 | H22: =IF(초입!E22="","",초입!E22) -> 박규빈 | I22: =IF(초입!F22="","",초입!F22) -> 남 | J22: =IF(초입!G22="","",초입!G22) -> 2020.07.17. | K22: =IF(초입!J22="","",초입!J22) -> 자폐성장애 | L22: =IF(초입!K22="","",초입!K22) -> 자폐성장애 | M22: =IF(초입!L22="","",초입!L22) -> 중증 | N22: =IF(초입!AG22="","","1. "&초입!AG22&IF(초입!AJ22<>"",CHAR(10)&"2. "&초입!AJ22,"")&IF(초입!AM22<>"",CHAR(10)&"3. "&초입!AM22,"")) -> 1. 경은학교 2. 복합특수학급 신설 | O22: =IF(초입!AF22="","",초입!AF22&IF(초입!AI22<>"",CHAR(10)&초입!AI22,"")&IF(초입!AL22<>"",CHAR(10)&초입!AL22,"")) -> 구리남양주 구리남양주 | P22: =IF(초입!AH22="","",초입!AH22&IF(초입!AK22<>"",CHAR(10)&초입!AK22,"")&IF(초입!AN22<>"",CHAR(10)&초입!AN22,"")) -> 특수학교 | Q22: =IF(초입!AO22="","",초입!AO22) -> □ 복지카드: 자폐성장애 중증(~2032.06.19.) | R22: =IF(초입!AP22="","",초입!AP22) -> 도보 통학 기준 / 2,3희망교 바뀜. | S22: =IF(초입!AD22="","",초입!AD22) -> 010-7320-1455 | T22: =IF(초입!AE22="","",초입!AE22) | U22: =IF(초입!M22="","",초입!M22) -> 경기도 남양주시 다산중앙로146번길7, 2202동 1101호(다산동, 다산롯데캐슬)
B23: 초입 | C23: =IF(초입!H23<>"","O","") | D23: =IF(초입!I23<>"","O","") -> O | E23: =초입!B23 -> 시립와부어린이집 | F23: =IF(초입!C23="","",초입!C23) | G23: =IF(초입!D23="","",초입!D23) -> 3 | H23: =IF(초입!E23="","",초입!E23) -> 이아윤 | I23: =IF(초입!F23="","",초입!F23) -> 여 | J23: =IF(초입!G23="","",초입!G23) -> 2020.05.28 | K23: =IF(초입!J23="","",초입!J23) -> 자폐성장애 | L23: =IF(초입!K23="","",초입!K23) -> 자폐성장애 | M23: =IF(초입!L23="","",초입!L23) -> 중증 | N23: =IF(초입!AF23="","","1. "&초입!AF23&IF(초입!AI23<>"",CHAR(10)&"2. "&초입!AI23,"")&IF(초입!AL23<>"",CHAR(10)&"3. "&초입!AL23,"")) | O23: =IF(초입!AG23="","",초입!AG23&IF(초입!AJ23<>"",CHAR(10)&초입!AJ23,"")&IF(초입!AM23<>"",CHAR(10)&초입!AM23,"")) | P23: =IF(초입!AH23="","",초입!AH23&IF(초입!AK23<>"",CHAR(10)&초입!AK23,"")&IF(초입!AN23<>"",CHAR(10)&초입!AN23,"")) | Q23: =IF(초입!AO23="","",초입!AO23) -> □ 복지카드: 자폐성장애 중증(2032. 07. 20.) | R23: =IF(초입!AP23="","",초입!AP23) -> 복지카드 추가 제출 받아야 / 완료 | S23: =IF(초입!AD23="","",초입!AD23) -> 010-4188-6163 | T23: =IF(초입!AE23="","",초입!AE23) | U23: =IF(초입!M23="","",초입!M23) -> 경기도 남양주시 와부읍 덕소로 150, 강변현대아파트 102동 1304호
B24: 초입 | C24: =IF(초입!H24<>"","O","") | D24: =IF(초입!I24<>"","O","") -> O | E24: =초입!B24 -> 동그라미어린이집 | F24: =IF(초입!C24="","",초입!C24) | G24: =IF(초입!D24="","",초입!D24) -> 3 | H24: =IF(초입!E24="","",초입!E24) -> 박태연 | I24: =IF(초입!F24="","",초입!F24) -> 여 | J24: =IF(초입!G24="","",초입!G24) -> 2020.06.25. | K24: =IF(초입!J24="","",초입!J24) -> 지적장애 | L24: =IF(초입!K24="","",초입!K24) | M24: =IF(초입!L24="","",초입!L24) | N24: =IF(초입!AF24="","","1. "&초입!AF24&IF(초입!AI24<>"",CHAR(10)&"2. "&초입!AI24,"")&IF(초입!AL24<>"",CHAR(10)&"3. "&초입!AL24,"")) | O24: =IF(초입!AG24="","",초입!AG24&IF(초입!AJ24<>"",CHAR(10)&초입!AJ24,"")&IF(초입!AM24<>"",CHAR(10)&초입!AM24,"")) | P24: =IF(초입!AH24="","",초입!AH24&IF(초입!AK24<>"",CHAR(10)&초입!AK24,"")&IF(초입!AN24<>"",CHAR(10)&초입!AN24,"")) | Q24: =IF(초입!AO24="","",초입!AO24) -> ※심리평가보고서 □ 지능검사 결과(08.04. 결과지 수령 예정), □ 사회성숙도: SA 3세 11개월, SQ 65.1(경도) □ 적응행동검사: 표준점수 71 (저조한 수준) ※심리평가보고서(2025.7.1.)(CA 60개월시점) □PRES: 수용언어 70점 (3세6개월/2%ile) , 표현언어 81.67점 (4세 1 개월/6%ile) □U-TAP2: 자음정확도 63.83% (<1%ile/중도) | R24: =IF(초입!AP24="","",초입!AP24) -> 지능검사 결과 8월초 추가 예정 | S24: =IF(초입!AD24="","",초입!AD24) -> 010-5092-4027 | T24: =IF(초입!AE24="","",초입!AE24) | U24: =IF(초입!M24="","",초입!M24) -> 경기도 남양주시 화도읍 비룡로 186, 110동 304호
B25: 초입 | C25: =IF(초입!H25<>"","O","") | D25: =IF(초입!I25<>"","O","") -> O | E25: =초입!B25 -> 다산자이폴라리스어린이집 | F25: =IF(초입!C25="","",초입!C25) | G25: =IF(초입!D25="","",초입!D25) -> 3 | H25: =IF(초입!E25="","",초입!E25) -> 박재하 | I25: =IF(초입!F25="","",초입!F25) -> 남 | J25: =IF(초입!G25="","",초입!G25) -> 2020.09.03. | K25: =IF(초입!J25="","",초입!J25) -> 자폐성장애 | L25: =IF(초입!K25="","",초입!K25) -> 자폐성장애 | M25: =IF(초입!L25="","",초입!L25) -> 중증 | N25: =IF(초입!AF25="","","1. "&초입!AF25&IF(초입!AI25<>"",CHAR(10)&"2. "&초입!AI25,"")&IF(초입!AL25<>"",CHAR(10)&"3. "&초입!AL25,"")) | O25: =IF(초입!AG25="","",초입!AG25&IF(초입!AJ25<>"",CHAR(10)&초입!AJ25,"")&IF(초입!AM25<>"",CHAR(10)&초입!AM25,"")) | P25: =IF(초입!AH25="","",초입!AH25&IF(초입!AK25<>"",CHAR(10)&초입!AK25,"")&IF(초입!AN25<>"",CHAR(10)&초입!AN25,"")) | Q25: =IF(초입!AO25="","",초입!AO25) -> □ 복지카드: 자폐성장애 중증(~2032.06.08.) | R25: =IF(초입!AP25="","",초입!AP25) | S25: =IF(초입!AD25="","",초입!AD25) -> 010-3074-5250 | T25: =IF(초입!AE25="","",초입!AE25) | U25: =IF(초입!M25="","",초입!M25) -> 경기도 남양주시 다산순환로 242, 다산자이폴라리스 1404동 603호
B26: 초입 | C26: =IF(초입!H26<>"","O","") | D26: =IF(초입!I26<>"","O","") -> O | E26: =초입!B26 -> 화도어린이집 | F26: =IF(초입!C26="","",초입!C26) | G26: =IF(초입!D26="","",초입!D26) -> 3 | H26: =IF(초입!E26="","",초입!E26) -> 조민채 | I26: =IF(초입!F26="","",초입!F26) -> 여 | J26: =IF(초입!G26="","",초입!G26) -> 2020.06.10. | K26: =IF(초입!J26="","",초입!J26) -> 지적장애 | L26: =IF(초입!K26="","",초입!K26) -> 지적뇌병변장애 | M26: =IF(초입!L26="","",초입!L26) -> 중증 | N26: =IF(초입!AF26="","","1. "&초입!AF26&IF(초입!AI26<>"",CHAR(10)&"2. "&초입!AI26,"")&IF(초입!AL26<>"",CHAR(10)&"3. "&초입!AL26,"")) | O26: =IF(초입!AG26="","",초입!AG26&IF(초입!AJ26<>"",CHAR(10)&초입!AJ26,"")&IF(초입!AM26<>"",CHAR(10)&초입!AM26,"")) | P26: =IF(초입!AH26="","",초입!AH26&IF(초입!AK26<>"",CHAR(10)&초입!AK26,"")&IF(초입!AN26<>"",CHAR(10)&초입!AN26,"")) | Q26: =IF(초입!AO26="","",초입!AO26) -> □ 복지카드: 지적뇌병변장애 중증(~2026.10.15.) | R26: =IF(초입!AP26="","",초입!AP26) -> 장애인증명서 추가 제출 예정 / 지적,뇌병변에서 지적으로 변경 예정 / 7월중 이메일로 예정. 문자 보냄. / 들어옴 | S26: =IF(초입!AD26="","",초입!AD26) -> 010-8485-8640 | T26: =IF(초입!AE26="","",초입!AE26) | U26: =IF(초입!M26="","",초입!M26) -> 경기도 남양주시 화도읍 수레로 1105-27, 204-804
B27: 초입 | C27: =IF(초입!H27<>"","O","") | D27: =IF(초입!I27<>"","O","") -> O | E27: =초입!B27 -> 안델센어린이집 | F27: =IF(초입!C27="","",초입!C27) | G27: =IF(초입!D27="","",초입!D27) -> 3 | H27: =IF(초입!E27="","",초입!E27) -> 홍나예 | I27: =IF(초입!F27="","",초입!F27) -> 여 | J27: =IF(초입!G27="","",초입!G27) -> 2020.02.16. | K27: =IF(초입!J27="","",초입!J27) -> 지적장애 (발달지체로 신청) | L27: =IF(초입!K27="","",초입!K27) | M27: =IF(초입!L27="","",초입!L27) | N27: =IF(초입!AF27="","","1. "&초입!AF27&IF(초입!AI27<>"",CHAR(10)&"2. "&초입!AI27,"")&IF(초입!AL27<>"",CHAR(10)&"3. "&초입!AL27,"")) | O27: =IF(초입!AG27="","",초입!AG27&IF(초입!AJ27<>"",CHAR(10)&초입!AJ27,"")&IF(초입!AM27<>"",CHAR(10)&초입!AM27,"")) | P27: =IF(초입!AH27="","",초입!AH27&IF(초입!AK27<>"",CHAR(10)&초입!AK27,"")&IF(초입!AN27<>"",CHAR(10)&초입!AN27,"")) | Q27: =IF(초입!AO27="","",초입!AO27) -> ※2026년 7월 9일 검사 실시 □K-WISC-V: 전체IQ 48(언어이해 50, 시공간 70, 유동추론 60, 작업기억 53, 처리속도 55/매우 낮음) □적응행동검사: 표준점수 70(저조한 수준) □사회성숙도: SA 3세 0개월, SQ 47.39(중등도) | R27: =IF(초입!AP27="","",초입!AP27) | S27: =IF(초입!AD27="","",초입!AD27) -> 010-6622-6482 | T27: =IF(초입!AE27="","",초입!AE27) | U27: =IF(초입!M27="","",초입!M27) -> 경기도 구리시 안골로20번길 8-17, 101호
B28: 초입 | C28: =IF(초입!H28<>"","O","") | D28: =IF(초입!I28<>"","O","") -> O | E28: =초입!B28 -> 진접어린이집 | F28: =IF(초입!C28="","",초입!C28) | G28: =IF(초입!D28="","",초입!D28) -> 3 | H28: =IF(초입!E28="","",초입!E28) -> 박서준 | I28: =IF(초입!F28="","",초입!F28) -> 남 | J28: =IF(초입!G28="","",초입!G28) -> 2020.12.02. | K28: =IF(초입!J28="","",초입!J28) -> 발달지체 | L28: =IF(초입!K28="","",초입!K28) | M28: =IF(초입!L28="","",초입!L28) | N28: =IF(초입!AF28="","","1. "&초입!AF28&IF(초입!AI28<>"",CHAR(10)&"2. "&초입!AI28,"")&IF(초입!AL28<>"",CHAR(10)&"3. "&초입!AL28,"")) | O28: =IF(초입!AG28="","",초입!AG28&IF(초입!AJ28<>"",CHAR(10)&초입!AJ28,"")&IF(초입!AM28<>"",CHAR(10)&초입!AM28,"")) | P28: =IF(초입!AH28="","",초입!AH28&IF(초입!AK28<>"",CHAR(10)&초입!AK28,"")&IF(초입!AN28<>"",CHAR(10)&초입!AN28,"")) | Q28: =IF(초입!AO28="","",초입!AO28) -> ※2026년 3월 3일 검사 실시 □K-WPPSI-IV: 전체IQ 80 (언어이해 71, 시공간 120, 유동추론 69, 작업기억 89, 처리속도 84/평균 이하) *GAI 지표점수 87(평균 이하) □사회성숙도: SA 3세 9개월, SQ 78.8(경계선) □적응행동검사: 표준점수 73(저조한 수준) ※2026년 3월 18일 언어검사 실시(검사당시 5세 3개월) □PRES: 수용언어 31점 (4세4개월/5%ile) , 표현언어 30점 (3세 11 개월/5%ile), 통합언어 50개월(4세 2개월) □U-TAP2: 자음정확도 62.77% (-2SD/조음치료 요망) | R28: =IF(초입!AP28="","",초입!AP28) -> -26년4월 유치 상시 평가결과 활용 -26년4월 상시 부평초병유 배치 후 5월에 바로 취소(방과후 문제) | S28: =IF(초입!AD28="","",초입!AD28) -> 010-5028-2212 | T28: =IF(초입!AE28="","",초입!AE28) | U28: =IF(초입!M28="","",초입!M28) -> 경기도 남양주시 진접읍 진벌로 78-17 진하우스 나동301호
B29: 초입 | C29: =IF(초입!H29<>"","O","") -> O | D29: =IF(초입!I29<>"","O","") | E29: =초입!B29 -> 남양주다산유치원 | F29: =IF(초입!C29="","",초입!C29) -> 특수학급 | G29: =IF(초입!D29="","",초입!D29) -> 3 | H29: =IF(초입!E29="","",초입!E29) -> 김기윤 | I29: =IF(초입!F29="","",초입!F29) -> 남 | J29: =IF(초입!G29="","",초입!G29) -> 2020.04.27. | K29: =IF(초입!J29="","",초입!J29) -> 자폐성장애 (현 발달지체) | L29: =IF(초입!K29="","",초입!K29) -> 자폐성·언어장애 | M29: =IF(초입!L29="","",초입!L29) -> 중증 | N29: =IF(초입!AF29="","","1. "&초입!AF29&IF(초입!AI29<>"",CHAR(10)&"2. "&초입!AI29,"")&IF(초입!AL29<>"",CHAR(10)&"3. "&초입!AL29,"")) | O29: =IF(초입!AG29="","",초입!AG29&IF(초입!AJ29<>"",CHAR(10)&초입!AJ29,"")&IF(초입!AM29<>"",CHAR(10)&초입!AM29,"")) | P29: =IF(초입!AH29="","",초입!AH29&IF(초입!AK29<>"",CHAR(10)&초입!AK29,"")&IF(초입!AN29<>"",CHAR(10)&초입!AN29,"")) | Q29: =IF(초입!AO29="","",초입!AO29) -> □ 복지카드: 자폐성,언어장애 중증(~2027.08.02.) | R29: =IF(초입!AP29="","",초입!AP29) -> 서식1,2,4 수정 완료 | S29: =IF(초입!AD29="","",초입!AD29) -> 010-2606-2684 | T29: =IF(초입!AE29="","",초입!AE29) | U29: =IF(초입!M29="","",초입!M29) -> 경기도 남양주시 다산중앙로 82번길 15 다산이편한세상 5102동 2303호
A30: =SUBTOTAL(103,$N$6:N30) -> 6 | B30: 초입 | C30: =IF(초입!H30<>"","O","") | D30: =IF(초입!I30<>"","O","") -> O | E30: =초입!B30 -> 다움어린이집 | F30: =IF(초입!C30="","",초입!C30) | G30: =IF(초입!D30="","",초입!D30) -> 3 | H30: =IF(초입!E30="","",초입!E30) -> 이예찬 | I30: =IF(초입!F30="","",초입!F30) -> 남 | J30: =IF(초입!G30="","",초입!G30) -> 2019.06.24. | K30: =IF(초입!J30="","",초입!J30) -> 자폐성장애 | L30: =IF(초입!K30="","",초입!K30) -> 자폐성장애 | M30: =IF(초입!L30="","",초입!L30) -> 심한 | N30: =IF(초입!AG30="","","1. "&초입!AG30&IF(초입!AJ30<>"",CHAR(10)&"2. "&초입!AJ30,"")&IF(초입!AM30<>"",CHAR(10)&"3. "&초입!AM30,"")) -> 1. 경은학교 2. 송민학교 3. 복합특수학급신설 | O30: =IF(초입!AF30="","",초입!AF30&IF(초입!AI30<>"",CHAR(10)&초입!AI30,"")&IF(초입!AL30<>"",CHAR(10)&초입!AL30,"")) -> 구리남양주 의정부 구리남양주 | P30: =IF(초입!AH30="","",초입!AH30&IF(초입!AK30<>"",CHAR(10)&초입!AK30,"")&IF(초입!AN30<>"",CHAR(10)&초입!AN30,"")) -> 특수학교 특수학교 | Q30: =IF(초입!AO30="","",초입!AO30) -> □ 장애인증명서: 자폐성장애 심한 | R30: =IF(초입!AP30="","",초입!AP30) | S30: =IF(초입!AD30="","",초입!AD30) -> 010-3217-6485 | T30: =IF(초입!AE30="","",초입!AE30) | U30: =IF(초입!M30="","",초입!M30) -> 경기도 남양주시 화도읍 먹갓로 28번길 39-12 신강남 가-102호
B31: 초입 | C31: =IF(초입!H31<>"","O","") | D31: =IF(초입!I31<>"","O","") -> O | E31: =초입!B31 -> 남양주덕송초등학교병설유치원 | F31: =IF(초입!C31="","",초입!C31) | G31: =IF(초입!D31="","",초입!D31) -> 3 | H31: =IF(초입!E31="","",초입!E31) -> 이지효 | I31: =IF(초입!F31="","",초입!F31) -> 여 | J31: =IF(초입!G31="","",초입!G31) -> 2020.12.08. | K31: =IF(초입!J31="","",초입!J31) -> 지적장애 | L31: =IF(초입!K31="","",초입!K31) | M31: =IF(초입!L31="","",초입!L31) | N31: =IF(초입!AF31="","","1. "&초입!AF31&IF(초입!AI31<>"",CHAR(10)&"2. "&초입!AI31,"")&IF(초입!AL31<>"",CHAR(10)&"3. "&초입!AL31,"")) | O31: =IF(초입!AG31="","",초입!AG31&IF(초입!AJ31<>"",CHAR(10)&초입!AJ31,"")&IF(초입!AM31<>"",CHAR(10)&초입!AM31,"")) | P31: =IF(초입!AH31="","",초입!AH31&IF(초입!AK31<>"",CHAR(10)&초입!AK31,"")&IF(초입!AN31<>"",CHAR(10)&초입!AN31,"")) | Q31: =IF(초입!AO31="","",초입!AO31) -> ※심리평가보고서(2025.12.19.) □K-WPPSI-IV: 전체IQ 59 (언어이해 59, 시공간 82, 유동추론 63, 작업기억 73, 처리속도 78/매우낮음) □사회성숙도: SA 4세 0개월, SQ 80(경계선) □적응행동검사: 표준점수 56(상당히 저조한 수준) | R31: =IF(초입!AP31="","",초입!AP31) -> 적응행동검사 요청 / 장애유형 기재 / 한셀 장애유형 확인 / 수정공문 완료 | S31: =IF(초입!AD31="","",초입!AD31) -> 010-9857-2024 | T31: =IF(초입!AE31="","",초입!AE31) | U31: =IF(초입!M31="","",초입!M31) -> 경기도 남양주시 순화궁로 458-16, 1704동 1204호(별내동, 별내퍼스트포레)
B32: 초입 | C32: =IF(초입!H32<>"","O","") | D32: =IF(초입!I32<>"","O","") -> O | E32: =초입!B32 -> 호평한마음어린이집 | F32: =IF(초입!C32="","",초입!C32) | G32: =IF(초입!D32="","",초입!D32) -> 3 | H32: =IF(초입!E32="","",초입!E32) -> 정모건 | I32: =IF(초입!F32="","",초입!F32) -> 남 | J32: =IF(초입!G32="","",초입!G32) -> 2020.01.15. | K32: =IF(초입!J32="","",초입!J32) -> 발달지체 | L32: =IF(초입!K32="","",초입!K32) | M32: =IF(초입!L32="","",초입!L32) | N32: =IF(초입!AF32="","","1. "&초입!AF32&IF(초입!AI32<>"",CHAR(10)&"2. "&초입!AI32,"")&IF(초입!AL32<>"",CHAR(10)&"3. "&초입!AL32,"")) | O32: =IF(초입!AG32="","",초입!AG32&IF(초입!AJ32<>"",CHAR(10)&초입!AJ32,"")&IF(초입!AM32<>"",CHAR(10)&초입!AM32,"")) | P32: =IF(초입!AH32="","",초입!AH32&IF(초입!AK32<>"",CHAR(10)&초입!AK32,"")&IF(초입!AN32<>"",CHAR(10)&초입!AN32,"")) | Q32: =IF(초입!AO32="","",초입!AO32) -> ※심리평가보고서(2025.7.31.) □K-WPPSI-IV: 전체IQ 43 (언어이해 50, 시공간 46, 유동추론 51, 작업기억 79, 처리속도 50/매우낮음) □K-CARS-Ⅱ(ST): 총점 28.5점(증상이 없거나 최소한의 자폐 관련 행동) □K-vineland-Ⅱ: 46(낮음/백분위0.1/%ile) ※심리평가보고서(2025.8.7.) □PRES: 수용언어 25개월 2%ile 미만, 표현언어 23개월 2%ile 미만, 통합언어 24개월, 3년 이상 지연 | R32: =IF(초입!AP32="","",초입!AP32) -> 추후 장애등록&장애유형변경 예정 | S32: =IF(초입!AD32="","",초입!AD32) -> 010-2045-9252 | T32: =IF(초입!AE32="","",초입!AE32) | U32: =IF(초입!M32="","",초입!M32) -> 경기도 남양주시 천마산로 65-2 103동 1503호(라인그린아파트)
A33: =SUBTOTAL(103,$N$6:N33) -> 7 | B33: 초입 | C33: =IF(초입!H33<>"","O","") -> O | D33: =IF(초입!I33<>"","O","") | E33: =초입!B33 -> 남양주도담유치원 | F33: =IF(초입!C33="","",초입!C33) -> 특수학급 | G33: =IF(초입!D33="","",초입!D33) -> 3 | H33: =IF(초입!E33="","",초입!E33) -> 윤시우 | I33: =IF(초입!F33="","",초입!F33) -> 남 | J33: =IF(초입!G33="","",초입!G33) -> 2020.01.07. | K33: =IF(초입!J33="","",초입!J33) -> 발달지체 | L33: =IF(초입!K33="","",초입!K33) | M33: =IF(초입!L33="","",초입!L33) | N33: =IF(초입!AG33="","","1. "&초입!AG33&IF(초입!AJ33<>"",CHAR(10)&"2. "&초입!AJ33,"")&IF(초입!AM33<>"",CHAR(10)&"3. "&초입!AM33,"")) -> 1. 경은학교 2. 복합특수학급신설 | O33: =IF(초입!AF33="","",초입!AF33&IF(초입!AI33<>"",CHAR(10)&초입!AI33,"")&IF(초입!AL33<>"",CHAR(10)&초입!AL33,"")) -> 구리남양주 구리남양주 | P33: =IF(초입!AH33="","",초입!AH33&IF(초입!AK33<>"",CHAR(10)&초입!AK33,"")&IF(초입!AN33<>"",CHAR(10)&초입!AN33,"")) -> 특수학교 | Q33: =IF(초입!AO33="","",초입!AO33) | R33: =IF(초입!AP33="","",초입!AP33) -> 장애등록X, 특수학급학생, 최근거리교 확인 및 수정, 한셀시트2 추가 요청 / 수정공문 완료 | S33: =IF(초입!AD33="","",초입!AD33) -> 010-4903-3602 | T33: =IF(초입!AE33="","",초입!AE33) | U33: =IF(초입!M33="","",초입!M33) -> 경기도 남양주시 진접읍 봉현로 36번길 11-1, 105동 506호(삼신아파트)
B34: 초입 | C34: =IF(초입!H34<>"","O","") -> O | D34: =IF(초입!I34<>"","O","") | E34: =초입!B34 -> 창현유치원 | F34: =IF(초입!C34="","",초입!C34) -> 특수학급 | G34: =IF(초입!D34="","",초입!D34) -> 3 | H34: =IF(초입!E34="","",초입!E34) -> 권우주 | I34: =IF(초입!F34="","",초입!F34) -> 남 | J34: =IF(초입!G34="","",초입!G34) -> 2020.08.23. | K34: =IF(초입!J34="","",초입!J34) -> 발달지체 | L34: =IF(초입!K34="","",초입!K34) | M34: =IF(초입!L34="","",초입!L34) | N34: =IF(초입!AF34="","","1. "&초입!AF34&IF(초입!AI34<>"",CHAR(10)&"2. "&초입!AI34,"")&IF(초입!AL34<>"",CHAR(10)&"3. "&초입!AL34,"")) | O34: =IF(초입!AG34="","",초입!AG34&IF(초입!AJ34<>"",CHAR(10)&초입!AJ34,"")&IF(초입!AM34<>"",CHAR(10)&초입!AM34,"")) | P34: =IF(초입!AH34="","",초입!AH34&IF(초입!AK34<>"",CHAR(10)&초입!AK34,"")&IF(초입!AN34<>"",CHAR(10)&초입!AN34,"")) | Q34: =IF(초입!AO34="","",초입!AO34) | R34: =IF(초입!AP34="","",초입!AP34) -> 서식2 장애명 지체장애로 기재. / 발달지체로 수정공문 들어옴 | S34: =IF(초입!AD34="","",초입!AD34) -> 010-4330-0124 | T34: =IF(초입!AE34="","",초입!AE34) | U34: =IF(초입!M34="","",초입!M34) -> 경기도 남양주시 화도읍 녹촌로 51, 신창현두산위브 104동 1101호
B35: 초입 | C35: =IF(초입!H35<>"","O","") -> O | D35: =IF(초입!I35<>"","O","") | E35: =초입!B35 -> 창현유치원 | F35: =IF(초입!C35="","",초입!C35) -> 특수학급 | G35: =IF(초입!D35="","",초입!D35) -> 3 | H35: =IF(초입!E35="","",초입!E35) -> 이로운 | I35: =IF(초입!F35="","",초입!F35) -> 남 | J35: =IF(초입!G35="","",초입!G35) -> 2020.03.07. | K35: =IF(초입!J35="","",초입!J35) -> 자폐성장애 | L35: =IF(초입!K35="","",초입!K35) | M35: =IF(초입!L35="","",초입!L35) | N35: =IF(초입!AF35="","","1. "&초입!AF35&IF(초입!AI35<>"",CHAR(10)&"2. "&초입!AI35,"")&IF(초입!AL35<>"",CHAR(10)&"3. "&초입!AL35,"")) | O35: =IF(초입!AG35="","",초입!AG35&IF(초입!AJ35<>"",CHAR(10)&초입!AJ35,"")&IF(초입!AM35<>"",CHAR(10)&초입!AM35,"")) | P35: =IF(초입!AH35="","",초입!AH35&IF(초입!AK35<>"",CHAR(10)&초입!AK35,"")&IF(초입!AN35<>"",CHAR(10)&초입!AN35,"")) | Q35: =IF(초입!AO35="","",초입!AO35) | R35: =IF(초입!AP35="","",초입!AP35) -> 희망교 거리 체크 후 바뀜. (창현,마석>송라,창현) | S35: =IF(초입!AD35="","",초입!AD35) -> 010-8964-0732 | T35: =IF(초입!AE35="","",초입!AE35) | U35: =IF(초입!M35="","",초입!M35) -> 경기도 남양주시 화도읍 경춘보학2길 30, 101-1901(라온프라이빗)
A36: =SUBTOTAL(103,$N$6:N36) -> 8 | B36: 초입 | C36: =IF(초입!H36<>"","O","") -> O | D36: =IF(초입!I36<>"","O","") | E36: =초입!B36 -> 창현유치원 | F36: =IF(초입!C36="","",초입!C36) -> 특수학급 | G36: =IF(초입!D36="","",초입!D36) -> 3 | H36: =IF(초입!E36="","",초입!E36) -> 최은우 | I36: =IF(초입!F36="","",초입!F36) -> 남 | J36: =IF(초입!G36="","",초입!G36) -> 2020.01.14. | K36: =IF(초입!J36="","",초입!J36) -> 발달지체 | L36: =IF(초입!K36="","",초입!K36) | M36: =IF(초입!L36="","",초입!L36) | N36: =IF(초입!AG36="","","1. "&초입!AG36&IF(초입!AJ36<>"",CHAR(10)&"2. "&초입!AJ36,"")&IF(초입!AM36<>"",CHAR(10)&"3. "&초입!AM36,"")) -> 1. 경은학교 2. 복합특수학급신설 3. 성광학교 | O36: =IF(초입!AF36="","",초입!AF36&IF(초입!AI36<>"",CHAR(10)&초입!AI36,"")&IF(초입!AL36<>"",CHAR(10)&초입!AL36,"")) -> 구리남양주 구리남양주 광주하남 | P36: =IF(초입!AH36="","",초입!AH36&IF(초입!AK36<>"",CHAR(10)&초입!AK36,"")&IF(초입!AN36<>"",CHAR(10)&초입!AN36,"")) -> 특수학교 특수학교 | Q36: =IF(초입!AO36="","",초입!AO36) | R36: =IF(초입!AP36="","",초입!AP36) -> 장애유형, 특수학교 희망교 수정 요청 / 최근거리는 창현초이지만, 학구가 마석초등학교임 / 발달지체로 서식1,2 수정공문 들어옴 | S36: =IF(초입!AD36="","",초입!AD36) -> 010-5555-9213 | T36: =IF(초입!AE36="","",초입!AE36) | U36: =IF(초입!M36="","",초입!M36) -> 경기도 남양주시 화도읍 창현로 45, 104동 601호(신창현도뮤토아파트)
B37: 초입 | C37: =IF(초입!H37<>"","O","") -> O | D37: =IF(초입!I37<>"","O","") | E37: =초입!B37 -> 부양초등학교병설유치원 | F37: =IF(초입!C37="","",초입!C37) -> 일반학급 | G37: =IF(초입!D37="","",초입!D37) -> 3 | H37: =IF(초입!E37="","",초입!E37) -> 서민재 | I37: =IF(초입!F37="","",초입!F37) -> 남 | J37: =IF(초입!G37="","",초입!G37) -> 2020.12.07. | K37: =IF(초입!J37="","",초입!J37) -> 발달지체 | L37: =IF(초입!K37="","",초입!K37) | M37: =IF(초입!L37="","",초입!L37) | N37: =IF(초입!AF37="","","1. "&초입!AF37&IF(초입!AI37<>"",CHAR(10)&"2. "&초입!AI37,"")&IF(초입!AL37<>"",CHAR(10)&"3. "&초입!AL37,"")) | O37: =IF(초입!AG37="","",초입!AG37&IF(초입!AJ37<>"",CHAR(10)&초입!AJ37,"")&IF(초입!AM37<>"",CHAR(10)&초입!AM37,"")) | P37: =IF(초입!AH37="","",초입!AH37&IF(초입!AK37<>"",CHAR(10)&초입!AK37,"")&IF(초입!AN37<>"",CHAR(10)&초입!AN37,"")) | Q37: =IF(초입!AO37="","",초입!AO37) | R37: =IF(초입!AP37="","",초입!AP37) -> 주소 확인자 서명 누락. 수정요청. / 수정완료 | S37: =IF(초입!AD37="","",초입!AD37) -> 010-7737-6854 | T37: =IF(초입!AE37="","",초입!AE37) | U37: =IF(초입!M37="","",초입!M37) -> 경기도 구리시 체육관로 66 대림한숲@ 105-1407
A38: =SUBTOTAL(103,$N$6:N38) -> 9 | B38: 초입 | C38: =IF(초입!H38<>"","O","") | D38: =IF(초입!I38<>"","O","") -> O | E38: =초입!B38 -> 일본사이타마시립특별지원학교 | F38: =IF(초입!C38="","",초입!C38) | G38: =IF(초입!D38="","",초입!D38) -> 1 | H38: =IF(초입!E38="","",초입!E38) -> 양세린 | I38: =IF(초입!F38="","",초입!F38) -> 여 | J38: =IF(초입!G38="","",초입!G38) -> 2019.12.30. | K38: =IF(초입!J38="","",초입!J38) -> 지적장애 | L38: =IF(초입!K38="","",초입!K38) | M38: =IF(초입!L38="","",초입!L38) | N38: =IF(초입!AG38="","","1. "&초입!AG38&IF(초입!AJ38<>"",CHAR(10)&"2. "&초입!AJ38,"")&IF(초입!AM38<>"",CHAR(10)&"3. "&초입!AM38,"")) -> 1. 경은학교 | O38: =IF(초입!AF38="","",초입!AF38&IF(초입!AI38<>"",CHAR(10)&초입!AI38,"")&IF(초입!AL38<>"",CHAR(10)&초입!AL38,"")) -> 구리남양주 | P38: =IF(초입!AH38="","",초입!AH38&IF(초입!AK38<>"",CHAR(10)&초입!AK38,"")&IF(초입!AN38<>"",CHAR(10)&초입!AN38,"")) -> 특수학교 | Q38: =IF(초입!AO38="","",초입!AO38) -> ※2026년 1월 22일 검사 실시 □ K-WPPSI-Ⅳ: 전체IQ 41(언어이해 50, 시공간 46, 유동추론 45, 작업기억 45, 처리속도 45/매우 낮음) □ 사회성숙도: SA 2세8개월, SQ 44.66(중등도) □ 적응행동: 표준점수 51(상당히 저조한 수준) | R38: =IF(초입!AP38="","",초입!AP38) -> 특수학교를 희망하나 일본에 거주 중이라, 7~8월 중 심층관찰 일정 협의 예정 | S38: =IF(초입!AD38="","",초입!AD38) -> 010-8175-2518 | T38: =IF(초입!AE38="","",초입!AE38) | U38: =IF(초입!M38="","",초입!M38) -> 경기도 남양주시 다산중앙로82번길 106, 6401동 2605호
A39: =SUBTOTAL(103,$N$6:N39) -> 10 | B39: 초입 | C39: =IF(초입!H39<>"","O","") | D39: =IF(초입!I39<>"","O","") -> O | E39: =초입!B39 -> 시립하나어린이집 | F39: =IF(초입!C39="","",초입!C39) | G39: =IF(초입!D39="","",초입!D39) -> 3 | H39: =IF(초입!E39="","",초입!E39) -> 윤하진 | I39: =IF(초입!F39="","",초입!F39) -> 남 | J39: =IF(초입!G39="","",초입!G39) -> 2018.02.11. | K39: =IF(초입!J39="","",초입!J39) -> 중도중복장애 | L39: =IF(초입!K39="","",초입!K39) -> 지적·뇌병변장애 | M39: =IF(초입!L39="","",초입!L39) -> 중증 | N39: =IF(초입!AG39="","","1. "&초입!AG39&IF(초입!AJ39<>"",CHAR(10)&"2. "&초입!AJ39,"")&IF(초입!AM39<>"",CHAR(10)&"3. "&초입!AM39,"")) -> 1. 경은학교 | O39: =IF(초입!AF39="","",초입!AF39&IF(초입!AI39<>"",CHAR(10)&초입!AI39,"")&IF(초입!AL39<>"",CHAR(10)&초입!AL39,"")) -> 구리남양주 | P39: =IF(초입!AH39="","",초입!AH39&IF(초입!AK39<>"",CHAR(10)&초입!AK39,"")&IF(초입!AN39<>"",CHAR(10)&초입!AN39,"")) -> 특수학교 | Q39: =IF(초입!AO39="","",초입!AO39) -> □ 복지카드: 지적·뇌병변장애 중증(~2030.10.24.) □ 장애인증명서(지적장애 심한장애, 뇌병변 심한장애, 2019.07.05.) | R39: =IF(초입!AP39="","",초입!AP39) -> 장애인증명서 확인 필요 / 제출완료 | S39: =IF(초입!AD39="","",초입!AD39) -> 010-4310-8179 | T39: =IF(초입!AE39="","",초입!AE39) | U39: =IF(초입!M39="","",초입!M39) -> 경기도 남양주시 화도읍 비룡로 56-8, 101동 1802호
A40: =SUBTOTAL(103,$N$6:N40) -> 11 | B40: 초입 | C40: =IF(초입!H40<>"","O","") -> O | D40: =IF(초입!I40<>"","O","") | E40: =초입!B40 -> 평내초등학교병설유치원 | F40: =IF(초입!C40="","",초입!C40) -> 순회학급 | G40: =IF(초입!D40="","",초입!D40) -> 3 | H40: =IF(초입!E40="","",초입!E40) -> 김보라 | I40: =IF(초입!F40="","",초입!F40) -> 여 | J40: =IF(초입!G40="","",초입!G40) -> 2020.08.28. | K40: =IF(초입!J40="","",초입!J40) -> 지체장애 | L40: =IF(초입!K40="","",초입!K40) -> 뇌병변 | M40: =IF(초입!L40="","",초입!L40) -> 중증 | N40: =IF(초입!AG40="","","1. "&초입!AG40&IF(초입!AJ40<>"",CHAR(10)&"2. "&초입!AJ40,"")&IF(초입!AM40<>"",CHAR(10)&"3. "&초입!AM40,"")) -> 1. 복합특수학급신설 | O40: =IF(초입!AF40="","",초입!AF40&IF(초입!AI40<>"",CHAR(10)&초입!AI40,"")&IF(초입!AL40<>"",CHAR(10)&초입!AL40,"")) -> 구리남양주 | P40: =IF(초입!AH40="","",초입!AH40&IF(초입!AK40<>"",CHAR(10)&초입!AK40,"")&IF(초입!AN40<>"",CHAR(10)&초입!AN40,"")) | Q40: =IF(초입!AO40="","",초입!AO40) -> □ 장애인증명서: 뇌병변 심한 | R40: =IF(초입!AP40="","",초입!AP40) -> 순회학급 | S40: =IF(초입!AD40="","",초입!AD40) -> 010-6547-0279 | T40: =IF(초입!AE40="","",초입!AE40) | U40: =IF(초입!M40="","",초입!M40) -> 경기도 남양주시 화도읍 녹촌로20, 101동1103호(신한토탈아파트)
B41: 초입 | C41: =IF(초입!H41<>"","O","") -> O | D41: =IF(초입!I41<>"","O","") | E41: =초입!B41 -> 남양주송라초등학교병설유치원 | F41: =IF(초입!C41="","",초입!C41) -> 특수학급 | G41: =IF(초입!D41="","",초입!D41) -> 3 | H41: =IF(초입!E41="","",초입!E41) -> 김시원 | I41: =IF(초입!F41="","",초입!F41) -> 남 | J41: =IF(초입!G41="","",초입!G41) -> 2020.07.04. | K41: =IF(초입!J41="","",초입!J41) -> 발달지체 | L41: =IF(초입!K41="","",초입!K41) -> 언어장애 | M41: =IF(초입!L41="","",초입!L41) -> 중증 | N41: =IF(초입!AF41="","","1. "&초입!AF41&IF(초입!AI41<>"",CHAR(10)&"2. "&초입!AI41,"")&IF(초입!AL41<>"",CHAR(10)&"3. "&초입!AL41,"")) | O41: =IF(초입!AG41="","",초입!AG41&IF(초입!AJ41<>"",CHAR(10)&초입!AJ41,"")&IF(초입!AM41<>"",CHAR(10)&초입!AM41,"")) | P41: =IF(초입!AH41="","",초입!AH41&IF(초입!AK41<>"",CHAR(10)&초입!AK41,"")&IF(초입!AN41<>"",CHAR(10)&초입!AN41,"")) | Q41: =IF(초입!AO41="","",초입!AO41) -> □ 복지카드: 언어장애 심한(~2027.04.18.) | R41: =IF(초입!AP41="","",초입!AP41) | S41: =IF(초입!AD41="","",초입!AD41) -> 010-7524-3737 | T41: =IF(초입!AE41="","",초입!AE41) | U41: =IF(초입!M41="","",초입!M41) -> 경기도 남양주시 화도읍 비룡로116번길35, 305동 303호(마석역신도브래뉴3차아파트)
B42: 초입 | C42: =IF(초입!H42<>"","O","") -> O | D42: =IF(초입!I42<>"","O","") | E42: =초입!B42 -> 남양주월산초등학교병설유치원 | F42: =IF(초입!C42="","",초입!C42) -> 특수학급 | G42: =IF(초입!D42="","",초입!D42) -> 3 | H42: =IF(초입!E42="","",초입!E42) -> 조이언 | I42: =IF(초입!F42="","",초입!F42) -> 남 | J42: =IF(초입!G42="","",초입!G42) -> 2020.11.18. | K42: =IF(초입!J42="","",초입!J42) -> 발달지체 | L42: =IF(초입!K42="","",초입!K42) | M42: =IF(초입!L42="","",초입!L42) | N42: =IF(초입!AF42="","","1. "&초입!AF42&IF(초입!AI42<>"",CHAR(10)&"2. "&초입!AI42,"")&IF(초입!AL42<>"",CHAR(10)&"3. "&초입!AL42,"")) | O42: =IF(초입!AG42="","",초입!AG42&IF(초입!AJ42<>"",CHAR(10)&초입!AJ42,"")&IF(초입!AM42<>"",CHAR(10)&초입!AM42,"")) | P42: =IF(초입!AH42="","",초입!AH42&IF(초입!AK42<>"",CHAR(10)&초입!AK42,"")&IF(초입!AN42<>"",CHAR(10)&초입!AN42,"")) | Q42: =IF(초입!AO42="","",초입!AO42) | R42: =IF(초입!AP42="","",초입!AP42) | S42: =IF(초입!AD42="","",초입!AD42) -> 010-4355-5715 | T42: =IF(초입!AE42="","",초입!AE42) | U42: =IF(초입!M42="","",초입!M42) -> 경기도 남양주시 화도읍 비룡로 116번길35, 304동 903호 신도브래뉴3차
B43: 초입 | C43: =IF(초입!H43<>"","O","") -> O | D43: =IF(초입!I43<>"","O","") | E43: =초입!B43 -> 덕소초등학교병설유치원 | F43: =IF(초입!C43="","",초입!C43) -> 일반학급 | G43: =IF(초입!D43="","",초입!D43) -> 3 | H43: =IF(초입!E43="","",초입!E43) -> 박경민 | I43: =IF(초입!F43="","",초입!F43) -> 남 | J43: =IF(초입!G43="","",초입!G43) -> 2020.02.15. | K43: =IF(초입!J43="","",초입!J43) -> 자폐성장애 | L43: =IF(초입!K43="","",초입!K43) -> 자폐성장애 | M43: =IF(초입!L43="","",초입!L43) -> 중증 | N43: =IF(초입!AF43="","","1. "&초입!AF43&IF(초입!AI43<>"",CHAR(10)&"2. "&초입!AI43,"")&IF(초입!AL43<>"",CHAR(10)&"3. "&초입!AL43,"")) | O43: =IF(초입!AG43="","",초입!AG43&IF(초입!AJ43<>"",CHAR(10)&초입!AJ43,"")&IF(초입!AM43<>"",CHAR(10)&초입!AM43,"")) | P43: =IF(초입!AH43="","",초입!AH43&IF(초입!AK43<>"",CHAR(10)&초입!AK43,"")&IF(초입!AN43<>"",CHAR(10)&초입!AN43,"")) | Q43: =IF(초입!AO43="","",초입!AO43) -> □ 복지카드: 자폐성장애 중증(~2028.12.27.) | R43: =IF(초입!AP43="","",초입!AP43) | S43: =IF(초입!AD43="","",초입!AD43) -> 010-3972-5994 | T43: =IF(초입!AE43="","",초입!AE43) | U43: =IF(초입!M43="","",초입!M43) -> 경기도 남양주시 와부읍 덕소로 71번길 9-18
A44: =SUBTOTAL(103,$N$6:N44) -> 12 | B44: 초입 | C44: =IF(초입!H44<>"","O","") | D44: =IF(초입!I44<>"","O","") -> O | E44: =초입!B44 -> 시립행복모아어린이집 | F44: =IF(초입!C44="","",초입!C44) | G44: =IF(초입!D44="","",초입!D44) -> 3 | H44: =IF(초입!E44="","",초입!E44) -> 김하린 | I44: =IF(초입!F44="","",초입!F44) -> 여 | J44: =IF(초입!G44="","",초입!G44) -> 2020.09.02. | K44: =IF(초입!J44="","",초입!J44) -> 중도중복장애 | L44: =IF(초입!K44="","",초입!K44) -> 뇌병변장애 | M44: =IF(초입!L44="","",초입!L44) -> 중증 | N44: =IF(초입!AG44="","","1. "&초입!AG44&IF(초입!AJ44<>"",CHAR(10)&"2. "&초입!AJ44,"")&IF(초입!AM44<>"",CHAR(10)&"3. "&초입!AM44,"")) -> 1. 경은학교 2. 복합특수학급 신설 | O44: =IF(초입!AF44="","",초입!AF44&IF(초입!AI44<>"",CHAR(10)&초입!AI44,"")&IF(초입!AL44<>"",CHAR(10)&초입!AL44,"")) -> 구리남양주 구리남양주 | P44: =IF(초입!AH44="","",초입!AH44&IF(초입!AK44<>"",CHAR(10)&초입!AK44,"")&IF(초입!AN44<>"",CHAR(10)&초입!AN44,"")) -> 특수학교 복합특수학급 | Q44: =IF(초입!AO44="","",초입!AO44) -> □ 복지카드: 뇌병변장애 중증(~2029.02.14.) □ 장애인증명서(지적장애 심한 장애, 뇌병변 심한 장애, 2026.06.12.) | R44: =IF(초입!AP44="","",초입!AP44) -> *학구(도심초)가 최근거리교가 아님 | S44: =IF(초입!AD44="","",초입!AD44) -> 010-4410-6462 | T44: =IF(초입!AE44="","",초입!AE44) | U44: =IF(초입!M44="","",초입!M44) -> 경기도 남양주시 와부읍 덕소로 270, 113동 405호
B45: 초입 | C45: =IF(초입!H45<>"","O","") | D45: =IF(초입!I45<>"","O","") -> O | E45: =초입!B45 -> 랄라키즈어린이집 | F45: =IF(초입!C45="","",초입!C45) | G45: =IF(초입!D45="","",초입!D45) -> 3 | H45: =IF(초입!E45="","",초입!E45) -> 임준호 | I45: =IF(초입!F45="","",초입!F45) -> 남 | J45: =IF(초입!G45="","",초입!G45) -> 2020.04.17. | K45: =IF(초입!J45="","",초입!J45) -> 자폐성장애 | L45: =IF(초입!K45="","",초입!K45) | M45: =IF(초입!L45="","",초입!L45) | N45: =IF(초입!AF45="","","1. "&초입!AF45&IF(초입!AI45<>"",CHAR(10)&"2. "&초입!AI45,"")&IF(초입!AL45<>"",CHAR(10)&"3. "&초입!AL45,"")) | O45: =IF(초입!AG45="","",초입!AG45&IF(초입!AJ45<>"",CHAR(10)&초입!AJ45,"")&IF(초입!AM45<>"",CHAR(10)&초입!AM45,"")) | P45: =IF(초입!AH45="","",초입!AH45&IF(초입!AK45<>"",CHAR(10)&초입!AK45,"")&IF(초입!AN45<>"",CHAR(10)&초입!AN45,"")) | Q45: =IF(초입!AO45="","",초입!AO45) -> ※심리평가보고서(2026.03.16.) □ADOS-2: 총점26 (높음)(모듈1 시행, cut off 16) □사회성숙도: SA 2세 4개월, SQ 38(매우낮음) □K-CARS 2: 총점 39점(중도 수준의 자폐 관련 행동) --- ※2026년 7월 13일 검사 실시 □K-WISC-V: 전체IQ 40(언어이해 50, 시공간 50, 유동추론 50, 작업기억 53, 처리속도 55/매우 낮음) □적응행동검사: 표준점수 70(저조한 수준) □CBCL: 문제행동총점 63T(준임상범위), 내재화 61T(준임상범위), 외현화 61T(준임상범위) | R45: =IF(초입!AP45="","",초입!AP45) | S45: =IF(초입!AD45="","",초입!AD45) -> 010-7224-2726 | T45: =IF(초입!AE45="","",초입!AE45) | U45: =IF(초입!M45="","",초입!M45) -> 경기도 남양주시 순화궁로 18, 4107동 302호(신안인스빌)
A46: =SUBTOTAL(103,$N$6:N46) -> 13 | B46: 초입 | C46: =IF(초입!H46<>"","O","") -> O | D46: =IF(초입!I46<>"","O","") | E46: =초입!B46 -> 구지초등학교병설유치원 | F46: =IF(초입!C46="","",초입!C46) -> 특수학급 | G46: =IF(초입!D46="","",초입!D46) -> 3 | H46: =IF(초입!E46="","",초입!E46) -> 김시율 | I46: =IF(초입!F46="","",초입!F46) -> 여 | J46: =IF(초입!G46="","",초입!G46) -> 2020.08.12. | K46: =IF(초입!J46="","",초입!J46) -> 자폐성장애 | L46: =IF(초입!K46="","",초입!K46) -> 자폐성장애 | M46: =IF(초입!L46="","",초입!L46) -> 중증 | N46: =IF(초입!AG46="","","1. "&초입!AG46&IF(초입!AJ46<>"",CHAR(10)&"2. "&초입!AJ46,"")&IF(초입!AM46<>"",CHAR(10)&"3. "&초입!AM46,"")) -> 1. 경은학교 | O46: =IF(초입!AF46="","",초입!AF46&IF(초입!AI46<>"",CHAR(10)&초입!AI46,"")&IF(초입!AL46<>"",CHAR(10)&초입!AL46,"")) -> 구리남양주 | P46: =IF(초입!AH46="","",초입!AH46&IF(초입!AK46<>"",CHAR(10)&초입!AK46,"")&IF(초입!AN46<>"",CHAR(10)&초입!AN46,"")) -> 특수학교 | Q46: =IF(초입!AO46="","",초입!AO46) -> □ 복지카드: 자폐성장애 중증(~2031.12.30.) | R46: =IF(초입!AP46="","",초입!AP46) | S46: =IF(초입!AD46="","",초입!AD46) -> 010-5116-2446 | T46: =IF(초입!AE46="","",초입!AE46) -> 한미선 | U46: =IF(초입!M46="","",초입!M46) -> 경기도 구리시 경춘로 276번길 21, 105동202호
B47: 초입 | C47: =IF(초입!H47<>"","O","") -> O | D47: =IF(초입!I47<>"","O","") | E47: =초입!B47 -> 구지초등학교병설유치원 | F47: =IF(초입!C47="","",초입!C47) -> 특수학급 | G47: =IF(초입!D47="","",초입!D47) -> 3 | H47: =IF(초입!E47="","",초입!E47) -> 장바다 | I47: =IF(초입!F47="","",초입!F47) -> 남 | J47: =IF(초입!G47="","",초입!G47) -> 2020.09.04. | K47: =IF(초입!J47="","",초입!J47) -> 발달지체 | L47: =IF(초입!K47="","",초입!K47) | M47: =IF(초입!L47="","",초입!L47) | N47: =IF(초입!AF47="","","1. "&초입!AF47&IF(초입!AI47<>"",CHAR(10)&"2. "&초입!AI47,"")&IF(초입!AL47<>"",CHAR(10)&"3. "&초입!AL47,"")) | O47: =IF(초입!AG47="","",초입!AG47&IF(초입!AJ47<>"",CHAR(10)&초입!AJ47,"")&IF(초입!AM47<>"",CHAR(10)&초입!AM47,"")) | P47: =IF(초입!AH47="","",초입!AH47&IF(초입!AK47<>"",CHAR(10)&초입!AK47,"")&IF(초입!AN47<>"",CHAR(10)&초입!AN47,"")) | Q47: =IF(초입!AO47="","",초입!AO47) | R47: =IF(초입!AP47="","",초입!AP47) -> 최근거리는 동구초지만, 현재 재원중인 구지초병유의 또래 관계 유지 및 원만한 학교 적응을 위해 구지초를 1희망으로 신청 / 1,2희망교는 도보 | S47: =IF(초입!AD47="","",초입!AD47) -> 010-3009-4806 | T47: =IF(초입!AE47="","",초입!AE47) -> 한미선 | U47: =IF(초입!M47="","",초입!M47) -> 경기도 구리시 건원대로 92, 104동 1603호
B48: 초입 | C48: =IF(초입!H48<>"","O","") -> O | D48: =IF(초입!I48<>"","O","") | E48: =초입!B48 -> 남양주별빛유치원 | F48: =IF(초입!C48="","",초입!C48) -> 특수학급 | G48: =IF(초입!D48="","",초입!D48) -> 3 | H48: =IF(초입!E48="","",초입!E48) -> 민서연 | I48: =IF(초입!F48="","",초입!F48) -> 여 | J48: =IF(초입!G48="","",초입!G48) -> 2020.06.08. | K48: =IF(초입!J48="","",초입!J48) -> 자폐성장애 (현 발달지체) | L48: =IF(초입!K48="","",초입!K48) | M48: =IF(초입!L48="","",초입!L48) | N48: =IF(초입!AF48="","","1. "&초입!AF48&IF(초입!AI48<>"",CHAR(10)&"2. "&초입!AI48,"")&IF(초입!AL48<>"",CHAR(10)&"3. "&초입!AL48,"")) | O48: =IF(초입!AG48="","",초입!AG48&IF(초입!AJ48<>"",CHAR(10)&초입!AJ48,"")&IF(초입!AM48<>"",CHAR(10)&초입!AM48,"")) | P48: =IF(초입!AH48="","",초입!AH48&IF(초입!AK48<>"",CHAR(10)&초입!AK48,"")&IF(초입!AN48<>"",CHAR(10)&초입!AN48,"")) | Q48: =IF(초입!AO48="","",초입!AO48) -> ※심리평가보고서(2026.06.08.) □ K-WPPSI-Ⅳ: 전체IQ 51(언어이해 45, 시공간 76, 유동추론 45, 작업기억 45, 처리속도 73/매우 낮음) □사회성숙도: SA 4세 3개월, SQ 72.6(경계선) □K-CARS 2: 총점 29점(증상이 없거나 최소한의 자폐 관련 행동) | R48: =IF(초입!AP48="","",초입!AP48) -> 자폐로 유형변경, 서식1 서식2 수정해서 공문 추가 받음 *보호자는 자폐 기각되면 발달지체 유지 희망 *최근거리교 미희망 의견서 첨부 | S48: =IF(초입!AD48="","",초입!AD48) -> 010-8324-3699 | T48: =IF(초입!AE48="","",초입!AE48) -> 황민지 | U48: =IF(초입!M48="","",초입!M48) -> 경기도 남양주시 식송2로 6-14, 202호
B49: 초입 | C49: =IF(초입!H49<>"","O","") | D49: =IF(초입!I49<>"","O","") -> O | E49: =초입!B49 -> 시립와부어린이집 | F49: =IF(초입!C49="","",초입!C49) | G49: =IF(초입!D49="","",초입!D49) -> 3 | H49: =IF(초입!E49="","",초입!E49) -> 이유나 | I49: =IF(초입!F49="","",초입!F49) -> 여 | J49: =IF(초입!G49="","",초입!G49) -> 2020.08.27. | K49: =IF(초입!J49="","",초입!J49) -> 지적장애 | L49: =IF(초입!K49="","",초입!K49) -> 뇌병변장애 | M49: =IF(초입!L49="","",초입!L49) -> 중증 | N49: =IF(초입!AF49="","","1. "&초입!AF49&IF(초입!AI49<>"",CHAR(10)&"2. "&초입!AI49,"")&IF(초입!AL49<>"",CHAR(10)&"3. "&초입!AL49,"")) | O49: =IF(초입!AG49="","",초입!AG49&IF(초입!AJ49<>"",CHAR(10)&초입!AJ49,"")&IF(초입!AM49<>"",CHAR(10)&초입!AM49,"")) | P49: =IF(초입!AH49="","",초입!AH49&IF(초입!AK49<>"",CHAR(10)&초입!AK49,"")&IF(초입!AN49<>"",CHAR(10)&초입!AN49,"")) | Q49: =IF(초입!AO49="","",초입!AO49) -> □ 복지카드: 뇌병변장애 중증(~2026.12.01.) | R49: =IF(초입!AP49="","",초입!AP49) -> 올해 7월 중 지적장애 복지카드 발급 위한 절차 시작예정, 10월까지 검사결과는 나올 것이라고는 하셨지만, 센터에서 검사를 받는 것도 번거롭진 않다고 하셔서 논의가 필요함. | S49: =IF(초입!AD49="","",초입!AD49) -> 010-8864-1920 | T49: =IF(초입!AE49="","",초입!AE49) | U49: =IF(초입!M49="","",초입!M49) -> 경기도 남양주시 와부읍 덕소로 72, 101동 2402호
A50: =SUBTOTAL(103,$N$6:N50) -> 14 | B50: 초입 | C50: =IF(초입!H50<>"","O","") -> O | D50: =IF(초입!I50<>"","O","") | E50: =초입!B50 -> 경은학교 | F50: =IF(초입!C50="","",초입!C50) -> 특수학교 | G50: =IF(초입!D50="","",초입!D50) -> 3 | H50: =IF(초입!E50="","",초입!E50) -> 김하람 | I50: =IF(초입!F50="","",초입!F50) -> 남 | J50: =IF(초입!G50="","",초입!G50) -> 2020.03.15. | K50: =IF(초입!J50="","",초입!J50) -> 자폐성장애 (현 발달지체) | L50: =IF(초입!K50="","",초입!K50) -> 자폐성장애 | M50: =IF(초입!L50="","",초입!L50) -> 중증 | N50: =IF(초입!AG50="","","1. "&초입!AG50&IF(초입!AJ50<>"",CHAR(10)&"2. "&초입!AJ50,"")&IF(초입!AM50<>"",CHAR(10)&"3. "&초입!AM50,"")) -> 1. 경은학교 | O50: =IF(초입!AF50="","",초입!AF50&IF(초입!AI50<>"",CHAR(10)&초입!AI50,"")&IF(초입!AL50<>"",CHAR(10)&초입!AL50,"")) -> 구리남양주 | P50: =IF(초입!AH50="","",초입!AH50&IF(초입!AK50<>"",CHAR(10)&초입!AK50,"")&IF(초입!AN50<>"",CHAR(10)&초입!AN50,"")) -> 특수학교 | Q50: =IF(초입!AO50="","",초입!AO50) -> □ 복지카드: 자폐성장애 중증(~2031.10.03.) | R50: =IF(초입!AP50="","",초입!AP50) -> 자폐로 장애유형 변경 요청 / 배치희망교 2,3순위 고산에서 샛별, 덕송으로 변경 요청 / 수정공문 완료 | S50: =IF(초입!AD50="","",초입!AD50) -> 010-4860-5847 | T50: =IF(초입!AE50="","",초입!AE50) -> 손신애 | U50: =IF(초입!M50="","",초입!M50) -> 경기도 남양주시 별내면 68번길 24, 402동 2001호
B51: 초입 | C51: =IF(초입!H51<>"","O","") -> O | D51: =IF(초입!I51<>"","O","") | E51: =초입!B51 -> 다산하늘초등학교병설유치원 | F51: =IF(초입!C51="","",초입!C51) -> 특수학급 | G51: =IF(초입!D51="","",초입!D51) -> 3 | H51: =IF(초입!E51="","",초입!E51) -> 배건률 | I51: =IF(초입!F51="","",초입!F51) -> 남 | J51: =IF(초입!G51="","",초입!G51) -> 2020.09.19. | K51: =IF(초입!J51="","",초입!J51) -> 발달지체 | L51: =IF(초입!K51="","",초입!K51) | M51: =IF(초입!L51="","",초입!L51) | N51: =IF(초입!AF51="","","1. "&초입!AF51&IF(초입!AI51<>"",CHAR(10)&"2. "&초입!AI51,"")&IF(초입!AL51<>"",CHAR(10)&"3. "&초입!AL51,"")) | O51: =IF(초입!AG51="","",초입!AG51&IF(초입!AJ51<>"",CHAR(10)&초입!AJ51,"")&IF(초입!AM51<>"",CHAR(10)&초입!AM51,"")) | P51: =IF(초입!AH51="","",초입!AH51&IF(초입!AK51<>"",CHAR(10)&초입!AK51,"")&IF(초입!AN51<>"",CHAR(10)&초입!AN51,"")) | Q51: =IF(초입!AO51="","",초입!AO51) | R51: =IF(초입!AP51="","",초입!AP51) -> 최근거리교 병설유치원과의 다툼도 있었고, 현재 다니고 있는 병설유치원의 학교가 익숙해서 적응에 이점 / 객관적 증빙서류는 없음 | S51: =IF(초입!AD51="","",초입!AD51) -> 010-7256-7277 | T51: =IF(초입!AE51="","",초입!AE51) -> 정동희 | U51: =IF(초입!M51="","",초입!M51) -> 경기도 남양주시 다산중앙로 123번길 29, 3403동 604호(다산역 자연앤푸르지오)
B52: 초입 | C52: =IF(초입!H52<>"","O","") | D52: =IF(초입!I52<>"","O","") -> O | E52: =초입!B52 -> 시립토평마을어린이집 | F52: =IF(초입!C52="","",초입!C52) | G52: =IF(초입!D52="","",초입!D52) -> 3 | H52: =IF(초입!E52="","",초입!E52) -> 강규리 | I52: =IF(초입!F52="","",초입!F52) -> 여 | J52: =IF(초입!G52="","",초입!G52) -> 2020.06.22. | K52: =IF(초입!J52="","",초입!J52) -> 자폐성장애 (발달지체??) | L52: =IF(초입!K52="","",초입!K52) | M52: =IF(초입!L52="","",초입!L52) | N52: =IF(초입!AF52="","","1. "&초입!AF52&IF(초입!AI52<>"",CHAR(10)&"2. "&초입!AI52,"")&IF(초입!AL52<>"",CHAR(10)&"3. "&초입!AL52,"")) | O52: =IF(초입!AG52="","",초입!AG52&IF(초입!AJ52<>"",CHAR(10)&초입!AJ52,"")&IF(초입!AM52<>"",CHAR(10)&초입!AM52,"")) | P52: =IF(초입!AH52="","",초입!AH52&IF(초입!AK52<>"",CHAR(10)&초입!AK52,"")&IF(초입!AN52<>"",CHAR(10)&초입!AN52,"")) | Q52: =IF(초입!AO52="","",초입!AO52) -> ※2026년 6월 16일 검사 실시 □ K-WPPSI-Ⅳ: 전체IQ 84(언어이해 103, 시공간 93, 유동추론 72, 작업기억 58, 처리속도 84/평균 하) □ 사회성숙도: SA 5세2개월, SQ 87.8() □CARS(HF): 총점 33.5점(경도에서 중등도 수준의 자폐 관련 행동) | R52: =IF(초입!AP52="","",초입!AP52) -> 풀배터리 7.3.에 검사결과 나오고 바로 제출 예정 / 완료 | S52: =IF(초입!AD52="","",초입!AD52) -> 010-9990-0433 | T52: =IF(초입!AE52="","",초입!AE52) | U52: =IF(초입!M52="","",초입!M52) -> 경기도 구리시 경춘로 207 롯데캐슬시그니처 106-1201
A53: =SUBTOTAL(103,$N$6:N53) -> 15 | B53: 초입 | C53: =IF(초입!H53<>"","O","") | D53: =IF(초입!I53<>"","O","") -> O | E53: =초입!B53 -> 시립미사어린이집 | F53: =IF(초입!C53="","",초입!C53) | G53: =IF(초입!D53="","",초입!D53) -> 3 | H53: =IF(초입!E53="","",초입!E53) -> 박교빈 | I53: =IF(초입!F53="","",초입!F53) -> 남 | J53: =IF(초입!G53="","",초입!G53) -> 2020.10.19. | K53: =IF(초입!J53="","",초입!J53) -> 지적장애 | L53: =IF(초입!K53="","",초입!K53) -> 지적·뇌병변장애 | M53: =IF(초입!L53="","",초입!L53) -> 심한 | N53: =IF(초입!AG53="","","1. "&초입!AG53&IF(초입!AJ53<>"",CHAR(10)&"2. "&초입!AJ53,"")&IF(초입!AM53<>"",CHAR(10)&"3. "&초입!AM53,"")) -> 1. 경은학교 2. 복합특수학급 신설 3. 송민학교 | O53: =IF(초입!AF53="","",초입!AF53&IF(초입!AI53<>"",CHAR(10)&초입!AI53,"")&IF(초입!AL53<>"",CHAR(10)&초입!AL53,"")) -> 구리남양주 구리남양주 의정부 | P53: =IF(초입!AH53="","",초입!AH53&IF(초입!AK53<>"",CHAR(10)&초입!AK53,"")&IF(초입!AN53<>"",CHAR(10)&초입!AN53,"")) -> 특수학교 복합특수학급 특수학교 | Q53: =IF(초입!AO53="","",초입!AO53) -> □ 장애인증명서: 지적장애 심한·뇌병변장애 심하지 않은 (취득일: 2024.01.05.) | R53: =IF(초입!AP53="","",초입!AP53) -> 복지카드 유효기한은 2027년 2월이나 장애인증명서 제출 | S53: =IF(초입!AD53="","",초입!AD53) -> 010-7640-7460 | T53: =IF(초입!AE53="","",초입!AE53) | U53: =IF(초입!M53="","",초입!M53) -> 경기도 구리시 장자대로37번길 55, 106동 1101호
A54: =SUBTOTAL(103,$N$6:N54) -> 16 | B54: 초입 | C54: =IF(초입!H54<>"","O","") | D54: =IF(초입!I54<>"","O","") -> O | E54: =초입!B54 -> 영진햇살어린이집 | F54: =IF(초입!C54="","",초입!C54) | G54: =IF(초입!D54="","",초입!D54) -> 3 | H54: =IF(초입!E54="","",초입!E54) -> 최민재 | I54: =IF(초입!F54="","",초입!F54) -> 남 | J54: =IF(초입!G54="","",초입!G54) -> 2020.01.10. | K54: =IF(초입!J54="","",초입!J54) -> 자폐성장애 | L54: =IF(초입!K54="","",초입!K54) -> 자폐성장애 | M54: =IF(초입!L54="","",초입!L54) -> 심한 | N54: =IF(초입!AG54="","","1. "&초입!AG54&IF(초입!AJ54<>"",CHAR(10)&"2. "&초입!AJ54,"")&IF(초입!AM54<>"",CHAR(10)&"3. "&초입!AM54,"")) -> 1. 경은학교 | O54: =IF(초입!AF54="","",초입!AF54&IF(초입!AI54<>"",CHAR(10)&초입!AI54,"")&IF(초입!AL54<>"",CHAR(10)&초입!AL54,"")) -> 구리남양주 | P54: =IF(초입!AH54="","",초입!AH54&IF(초입!AK54<>"",CHAR(10)&초입!AK54,"")&IF(초입!AN54<>"",CHAR(10)&초입!AN54,"")) -> 특수학교 | Q54: =IF(초입!AO54="","",초입!AO54) -> □ 복지카드: 자폐성장애 중증(~2032.1.17.) | R54: =IF(초입!AP54="","",초입!AP54) -> 특수학교 기각되면 취학유예 예정 | S54: =IF(초입!AD54="","",초입!AD54) -> 010-3361-0124 | T54: =IF(초입!AE54="","",초입!AE54) | U54: =IF(초입!M54="","",초입!M54) -> 경기도 남양주시 화도읍 경춘로 1922번길 16, 202호
B55: 초입 | C55: =IF(초입!H55<>"","O","") | D55: =IF(초입!I55<>"","O","") -> O | E55: =초입!B55 -> 시립갈매어린이집 | F55: =IF(초입!C55="","",초입!C55) | G55: =IF(초입!D55="","",초입!D55) -> 3 | H55: =IF(초입!E55="","",초입!E55) -> 구현모 | I55: =IF(초입!F55="","",초입!F55) -> 남 | J55: =IF(초입!G55="","",초입!G55) -> 2020.09.26. | K55: =IF(초입!J55="","",초입!J55) -> 지적장애 | L55: =IF(초입!K55="","",초입!K55) | M55: =IF(초입!L55="","",초입!L55) | N55: =IF(초입!AF55="","","1. "&초입!AF55&IF(초입!AI55<>"",CHAR(10)&"2. "&초입!AI55,"")&IF(초입!AL55<>"",CHAR(10)&"3. "&초입!AL55,"")) | O55: =IF(초입!AG55="","",초입!AG55&IF(초입!AJ55<>"",CHAR(10)&초입!AJ55,"")&IF(초입!AM55<>"",CHAR(10)&초입!AM55,"")) | P55: =IF(초입!AH55="","",초입!AH55&IF(초입!AK55<>"",CHAR(10)&초입!AK55,"")&IF(초입!AN55<>"",CHAR(10)&초입!AN55,"")) | Q55: =IF(초입!AO55="","",초입!AO55) -> ※2026년 1월 5일 검사 실시 □ K-WPPSI-Ⅳ: 전체IQ 45(언어이해 50, 시공간 46, 유동추론 51, 작업기억 52, 처리속도 55/매우 낮음) □ 사회성숙도: SA 3세7개월, SQ 69(훈련가능 지적장애 수준) □CARS: 총점 22.5점(증상이 없거나 최소한의 자폐 관련 행동) ※2026년 6월 일 검사 실시 □ 적응행동: 표준점수( 수준) - 유아용으로 다시 받을 예정 | R55: =IF(초입!AP55="","",초입!AP55) -> *학생 등본상 거주지와 보호자 등본상 거주지가 다르나 보호자는 학생과 구리남양주에서 실거주 중임. 등본과 가족관계증명서 추가제출 완료 *화접초 학구 *복지카드 7.22.수 10시 방문 예정 | S55: =IF(초입!AD55="","",초입!AD55) -> 010-8619-9799 | T55: =IF(초입!AE55="","",초입!AE55) | U55: =IF(초입!M55="","",초입!M55) -> 경기도 남양주시 불암산로97번길 22-27
B56: 초입 | C56: =IF(초입!H56<>"","O","") | D56: =IF(초입!I56<>"","O","") -> O | E56: =초입!B56 -> 진접예랑어린이집 | F56: =IF(초입!C56="","",초입!C56) | G56: =IF(초입!D56="","",초입!D56) -> 3 | H56: =IF(초입!E56="","",초입!E56) -> 엄주환 | I56: =IF(초입!F56="","",초입!F56) -> 남 | J56: =IF(초입!G56="","",초입!G56) -> 2020.01.20. | K56: =IF(초입!J56="","",초입!J56) -> 자폐성장애 | L56: =IF(초입!K56="","",초입!K56) -> 자폐성장애 | M56: =IF(초입!L56="","",초입!L56) -> 중증 | N56: =IF(초입!AF56="","","1. "&초입!AF56&IF(초입!AI56<>"",CHAR(10)&"2. "&초입!AI56,"")&IF(초입!AL56<>"",CHAR(10)&"3. "&초입!AL56,"")) | O56: =IF(초입!AG56="","",초입!AG56&IF(초입!AJ56<>"",CHAR(10)&초입!AJ56,"")&IF(초입!AM56<>"",CHAR(10)&초입!AM56,"")) | P56: =IF(초입!AH56="","",초입!AH56&IF(초입!AK56<>"",CHAR(10)&초입!AK56,"")&IF(초입!AN56<>"",CHAR(10)&초입!AN56,"")) | Q56: =IF(초입!AO56="","",초입!AO56) -> □ 복지카드: 자폐성장애 중증(~2031.04.05.) | R56: =IF(초입!AP56="","",초입!AP56) -> 이미 주곡초에 재학 중인 형제자매와 동일교 입학을 원하여 등본 추가 제출 | S56: =IF(초입!AD56="","",초입!AD56) -> 010-3839-7969 | T56: =IF(초입!AE56="","",초입!AE56) | U56: =IF(초입!M56="","",초입!M56) -> 경기도 남양주시 진접읍 주곡로 109, 루나빌리지 가동 202호
B57: 초입 | C57: =IF(초입!H57<>"","O","") | D57: =IF(초입!I57<>"","O","") -> O | E57: =초입!B57 -> 해오름어린이집 | F57: =IF(초입!C57="","",초입!C57) | G57: =IF(초입!D57="","",초입!D57) -> 3 | H57: =IF(초입!E57="","",초입!E57) -> 조하준 | I57: =IF(초입!F57="","",초입!F57) -> 남 | J57: =IF(초입!G57="","",초입!G57) -> 2020.01.30. | K57: =IF(초입!J57="","",초입!J57) -> 자폐성장애 | L57: =IF(초입!K57="","",초입!K57) -> 자폐성장애 | M57: =IF(초입!L57="","",초입!L57) -> 중증 | N57: =IF(초입!AF57="","","1. "&초입!AF57&IF(초입!AI57<>"",CHAR(10)&"2. "&초입!AI57,"")&IF(초입!AL57<>"",CHAR(10)&"3. "&초입!AL57,"")) | O57: =IF(초입!AG57="","",초입!AG57&IF(초입!AJ57<>"",CHAR(10)&초입!AJ57,"")&IF(초입!AM57<>"",CHAR(10)&초입!AM57,"")) | P57: =IF(초입!AH57="","",초입!AH57&IF(초입!AK57<>"",CHAR(10)&초입!AK57,"")&IF(초입!AN57<>"",CHAR(10)&초입!AN57,"")) | Q57: =IF(초입!AO57="","",초입!AO57) -> □ 복지카드: 자폐성장애 중증(~2032.01.17.) | R57: =IF(초입!AP57="","",초입!AP57) | S57: =IF(초입!AD57="","",초입!AD57) -> 010-7238-8113 | T57: =IF(초입!AE57="","",초입!AE57) | U57: =IF(초입!M57="","",초입!M57) -> 경기도 남양주시 진접읍 부평로 41, 203동 401호
B58: 초입 | C58: =IF(초입!H58<>"","O","") -> O | D58: =IF(초입!I58<>"","O","") | E58: =초입!B58 -> 다산하늘빛유치원 | F58: =IF(초입!C58="","",초입!C58) -> 특수학급 | G58: =IF(초입!D58="","",초입!D58) -> 3 | H58: =IF(초입!E58="","",초입!E58) -> 강윤채 | I58: =IF(초입!F58="","",초입!F58) -> 여 | J58: =IF(초입!G58="","",초입!G58) -> 2020.03.31 | K58: =IF(초입!J58="","",초입!J58) -> 청각장애 | L58: =IF(초입!K58="","",초입!K58) -> 청각장애 | M58: =IF(초입!L58="","",초입!L58) -> 중증 | N58: =IF(초입!AF58="","","1. "&초입!AF58&IF(초입!AI58<>"",CHAR(10)&"2. "&초입!AI58,"")&IF(초입!AL58<>"",CHAR(10)&"3. "&초입!AL58,"")) | O58: =IF(초입!AG58="","",초입!AG58&IF(초입!AJ58<>"",CHAR(10)&초입!AJ58,"")&IF(초입!AM58<>"",CHAR(10)&초입!AM58,"")) | P58: =IF(초입!AH58="","",초입!AH58&IF(초입!AK58<>"",CHAR(10)&초입!AK58,"")&IF(초입!AN58<>"",CHAR(10)&초입!AN58,"")) | Q58: =IF(초입!AO58="","",초입!AO58) -> □ 복지카드: 청각장애 중증(제한없음) | R58: =IF(초입!AP58="","",초입!AP58) | S58: =IF(초입!AD58="","",초입!AD58) -> 010-4727-8865 | T58: =IF(초입!AE58="","",초입!AE58) -> 서민지 | U58: =IF(초입!M58="","",초입!M58) -> 경기도 남양주시 다산순환로300, 2104-1201
B59: 초입 | C59: =IF(초입!H59<>"","O","") -> O | D59: =IF(초입!I59<>"","O","") | E59: =초입!B59 -> 다산하늘빛유치원 | F59: =IF(초입!C59="","",초입!C59) -> 특수학급 | G59: =IF(초입!D59="","",초입!D59) -> 3 | H59: =IF(초입!E59="","",초입!E59) -> 박채호 | I59: =IF(초입!F59="","",초입!F59) -> 남 | J59: =IF(초입!G59="","",초입!G59) -> 2020.05.21 | K59: =IF(초입!J59="","",초입!J59) -> 발달지체 | L59: =IF(초입!K59="","",초입!K59) | M59: =IF(초입!L59="","",초입!L59) | N59: =IF(초입!AF59="","","1. "&초입!AF59&IF(초입!AI59<>"",CHAR(10)&"2. "&초입!AI59,"")&IF(초입!AL59<>"",CHAR(10)&"3. "&초입!AL59,"")) | O59: =IF(초입!AG59="","",초입!AG59&IF(초입!AJ59<>"",CHAR(10)&초입!AJ59,"")&IF(초입!AM59<>"",CHAR(10)&초입!AM59,"")) | P59: =IF(초입!AH59="","",초입!AH59&IF(초입!AK59<>"",CHAR(10)&초입!AK59,"")&IF(초입!AN59<>"",CHAR(10)&초입!AN59,"")) | Q59: =IF(초입!AO59="","",초입!AO59) | R59: =IF(초입!AP59="","",초입!AP59) | S59: =IF(초입!AD59="","",초입!AD59) -> 010-7777-6007 | T59: =IF(초입!AE59="","",초입!AE59) -> 서민지 | U59: =IF(초입!M59="","",초입!M59) -> 경기도 남양주시 다산순환로333, 2403-901
B60: 초입 | C60: =IF(초입!H60<>"","O","") -> O | D60: =IF(초입!I60<>"","O","") | E60: =초입!B60 -> 다산하늘빛유치원 | F60: =IF(초입!C60="","",초입!C60) -> 특수학급 | G60: =IF(초입!D60="","",초입!D60) -> 3 | H60: =IF(초입!E60="","",초입!E60) -> 이정우 | I60: =IF(초입!F60="","",초입!F60) -> 남 | J60: =IF(초입!G60="","",초입!G60) -> 2020.07.22 | K60: =IF(초입!J60="","",초입!J60) -> 발달지체 | L60: =IF(초입!K60="","",초입!K60) | M60: =IF(초입!L60="","",초입!L60) | N60: =IF(초입!AF60="","","1. "&초입!AF60&IF(초입!AI60<>"",CHAR(10)&"2. "&초입!AI60,"")&IF(초입!AL60<>"",CHAR(10)&"3. "&초입!AL60,"")) | O60: =IF(초입!AG60="","",초입!AG60&IF(초입!AJ60<>"",CHAR(10)&초입!AJ60,"")&IF(초입!AM60<>"",CHAR(10)&초입!AM60,"")) | P60: =IF(초입!AH60="","",초입!AH60&IF(초입!AK60<>"",CHAR(10)&초입!AK60,"")&IF(초입!AN60<>"",CHAR(10)&초입!AN60,"")) | Q60: =IF(초입!AO60="","",초입!AO60) | R60: =IF(초입!AP60="","",초입!AP60) -> 3희망 다산한강초 해당없음. 증빙서류,사유도 없음. / 3희망 다산하늘초로 변경예정, 2명은 취소임 / 수정완료 2희망 하늘초, 3희망 새봄초로 내가 변경 | S60: =IF(초입!AD60="","",초입!AD60) -> 010-8447-6557 | T60: =IF(초입!AE60="","",초입!AE60) -> 서민지 | U60: =IF(초입!M60="","",초입!M60) -> 경기도 남양주시 다산순환로311, 2304-1301
A61: =SUBTOTAL(103,$N$6:N61) -> 17 | B61: 초입 | C61: =IF(초입!H61<>"","O","") | D61: =IF(초입!I61<>"","O","") -> O | E61: =초입!B61 -> 시립하나어린이집 | F61: =IF(초입!C61="","",초입!C61) | G61: =IF(초입!D61="","",초입!D61) -> 3 | H61: =IF(초입!E61="","",초입!E61) -> 유태영 | I61: =IF(초입!F61="","",초입!F61) -> 남 | J61: =IF(초입!G61="","",초입!G61) -> 2019.11.18. | K61: =IF(초입!J61="","",초입!J61) -> 지적장애 | L61: =IF(초입!K61="","",초입!K61) -> 지적장애 발급중 | M61: =IF(초입!L61="","",초입!L61) | N61: =IF(초입!AG61="","","1. "&초입!AG61&IF(초입!AJ61<>"",CHAR(10)&"2. "&초입!AJ61,"")&IF(초입!AM61<>"",CHAR(10)&"3. "&초입!AM61,"")) -> 1. 경은학교 | O61: =IF(초입!AF61="","",초입!AF61&IF(초입!AI61<>"",CHAR(10)&초입!AI61,"")&IF(초입!AL61<>"",CHAR(10)&초입!AL61,"")) -> 구리남양주 | P61: =IF(초입!AH61="","",초입!AH61&IF(초입!AK61<>"",CHAR(10)&초입!AK61,"")&IF(초입!AN61<>"",CHAR(10)&초입!AN61,"")) -> 특수학교 | Q61: =IF(초입!AO61="","",초입!AO61) -> □ 장애인증명서: 지적장애 심한장애(~26.3.20.) □ 진단서: 상세불명의 다운증후군(26.2.19.) | R61: =IF(초입!AP61="","",초입!AP61) -> 경은 기각되면 취학유예, 복지카드 발급중 | S61: =IF(초입!AD61="","",초입!AD61) -> 010-7105-1116 | T61: =IF(초입!AE61="","",초입!AE61) | U61: =IF(초입!M61="","",초입!M61) -> 경기도 남양주시 화도읍 경춘로 2290번길2, 105동102호
B62: 초입 | C62: =IF(초입!H62<>"","O","") | D62: =IF(초입!I62<>"","O","") -> O | E62: =초입!B62 -> 시립토평마을어린이집 | F62: =IF(초입!C62="","",초입!C62) | G62: =IF(초입!D62="","",초입!D62) -> 3 | H62: =IF(초입!E62="","",초입!E62) -> 장도윤 | I62: =IF(초입!F62="","",초입!F62) -> 남 | J62: =IF(초입!G62="","",초입!G62) -> 2020.07.15. | K62: =IF(초입!J62="","",초입!J62) -> 지체장애 | L62: =IF(초입!K62="","",초입!K62) | M62: =IF(초입!L62="","",초입!L62) | N62: =IF(초입!AF62="","","1. "&초입!AF62&IF(초입!AI62<>"",CHAR(10)&"2. "&초입!AI62,"")&IF(초입!AL62<>"",CHAR(10)&"3. "&초입!AL62,"")) | O62: =IF(초입!AG62="","",초입!AG62&IF(초입!AJ62<>"",CHAR(10)&초입!AJ62,"")&IF(초입!AM62<>"",CHAR(10)&초입!AM62,"")) | P62: =IF(초입!AH62="","",초입!AH62&IF(초입!AK62<>"",CHAR(10)&초입!AK62,"")&IF(초입!AN62<>"",CHAR(10)&초입!AN62,"")) | Q62: =IF(초입!AO62="","",초입!AO62) -> ※심리평가보고서(2026.06.08.) □ K-WPPSI-Ⅳ: 전체IQ 69(언어이해 98, 시공간 49, 유동추론 78, 작업기억 83, 처리속도 67/매우 낮음) □사회성숙도: SA 3세 7개월, SQ 73(경계선) □VMI, CARS-2, PRES 등 기타 원본 참고 | R62: =IF(초입!AP62="","",초입!AP62) -> 뇌병변 복지카드 발급중(8월 예상) | S62: =IF(초입!AD62="","",초입!AD62) -> 010-2078-2944 | T62: =IF(초입!AE62="","",초입!AE62) | U62: =IF(초입!M62="","",초입!M62) -> 경기도 구리시 검배로 15번길11, 201호
B63: 초입 | C63: =IF(초입!H63<>"","O","") | D63: =IF(초입!I63<>"","O","") -> O | E63: =초입!B63 -> 곡교어린이집 | F63: =IF(초입!C63="","",초입!C63) | G63: =IF(초입!D63="","",초입!D63) -> 3 | H63: =IF(초입!E63="","",초입!E63) -> 강경민 | I63: =IF(초입!F63="","",초입!F63) -> 남 | J63: =IF(초입!G63="","",초입!G63) -> 2020.06.24. | K63: =IF(초입!J63="","",초입!J63) -> 지적장애 | L63: =IF(초입!K63="","",초입!K63) | M63: =IF(초입!L63="","",초입!L63) | N63: =IF(초입!AF63="","","1. "&초입!AF63&IF(초입!AI63<>"",CHAR(10)&"2. "&초입!AI63,"")&IF(초입!AL63<>"",CHAR(10)&"3. "&초입!AL63,"")) | O63: =IF(초입!AG63="","",초입!AG63&IF(초입!AJ63<>"",CHAR(10)&초입!AJ63,"")&IF(초입!AM63<>"",CHAR(10)&초입!AM63,"")) | P63: =IF(초입!AH63="","",초입!AH63&IF(초입!AK63<>"",CHAR(10)&초입!AK63,"")&IF(초입!AN63<>"",CHAR(10)&초입!AN63,"")) | Q63: =IF(초입!AO63="","",초입!AO63) -> ※심리평가보고서(2026.01.16.) □ K-WPPSI-Ⅳ: 전체IQ 53(언어이해 53, 시공간 87, 유동추론 57, 작업기억 55, 처리속도 61/매우 낮음) □사회성숙도: SA 3세 10개월, SQ 63.7(경도) □적응행동검사: 표준점수 71(저조한 수준) | R63: =IF(초입!AP63="","",초입!AP63) -> 7월31일 거주지 이전 예정 / 여기서 SMS, 적응행동 실시(유아용, 초중등용 모두) | S63: =IF(초입!AD63="","",초입!AD63) -> 010-8688-3796 | T63: =IF(초입!AE63="","",초입!AE63) | U63: =IF(초입!M63="","",초입!M63) -> 경기도 남양주시 와부읍 덕소로 97번길 12, 207동104호 (7월31일 강동구에서 거주지 이전)
A64: =SUBTOTAL(103,$N$6:N64) -> 18 | B64: 초입 | C64: =IF(초입!H64<>"","O","") | D64: =IF(초입!I64<>"","O","") -> O | E64: =초입!B64 -> 시립남양주하나어린이집 | F64: =IF(초입!C64="","",초입!C64) | G64: =IF(초입!D64="","",초입!D64) -> 3 | H64: =IF(초입!E64="","",초입!E64) -> 이윤아 | I64: =IF(초입!F64="","",초입!F64) -> 여 | J64: =IF(초입!G64="","",초입!G64) -> 2019.03.12. | K64: =IF(초입!J64="","",초입!J64) -> 자폐성장애 | L64: =IF(초입!K64="","",초입!K64) -> 자폐성장애 | M64: =IF(초입!L64="","",초입!L64) -> 중증 | N64: =IF(초입!AG64="","","1. "&초입!AG64&IF(초입!AJ64<>"",CHAR(10)&"2. "&초입!AJ64,"")&IF(초입!AM64<>"",CHAR(10)&"3. "&초입!AM64,"")) -> 1. 경은학교 2. 복합특수학급 신설 | O64: =IF(초입!AF64="","",초입!AF64&IF(초입!AI64<>"",CHAR(10)&초입!AI64,"")&IF(초입!AL64<>"",CHAR(10)&초입!AL64,"")) -> 구리남양주 구리남양주 | P64: =IF(초입!AH64="","",초입!AH64&IF(초입!AK64<>"",CHAR(10)&초입!AK64,"")&IF(초입!AN64<>"",CHAR(10)&초입!AN64,"")) -> 특수학교 복합특수학급 | Q64: =IF(초입!AO64="","",초입!AO64) -> □ 복지카드: 자폐성장애 중증(~2030.10.22.) | R64: =IF(초입!AP64="","",초입!AP64) -> 내년에 초등학교 입학하는 비장애 자녀와 다른 학교 배치를 희망해 학구 외 학교를 희망함. 보호자 의견서 첨부. | S64: =IF(초입!AD64="","",초입!AD64) -> 010-5910-4061 | T64: =IF(초입!AE64="","",초입!AE64) | U64: =IF(초입!M64="","",초입!M64) -> 경기도 남양주시 백봉로 32, 105동 701동
A65: =SUBTOTAL(103,$N$6:N65) -> 19 | B65: 초입 | C65: =IF(초입!H65<>"","O","") | D65: =IF(초입!I65<>"","O","") -> O | E65: =초입!B65 -> 노원구 초록어린이집 | F65: =IF(초입!C65="","",초입!C65) | G65: =IF(초입!D65="","",초입!D65) -> 3 | H65: =IF(초입!E65="","",초입!E65) -> 이희민 | I65: =IF(초입!F65="","",초입!F65) -> 남 | J65: =IF(초입!G65="","",초입!G65) -> 2020.03.23. | K65: =IF(초입!J65="","",초입!J65) -> 자폐성장애 | L65: =IF(초입!K65="","",초입!K65) -> 자폐성장애 | M65: =IF(초입!L65="","",초입!L65) -> 중증 | N65: =IF(초입!AG65="","","1. "&초입!AG65&IF(초입!AJ65<>"",CHAR(10)&"2. "&초입!AJ65,"")&IF(초입!AM65<>"",CHAR(10)&"3. "&초입!AM65,"")) -> 1. 경은학교 2. 복합특수학급 신설 3. 송민학교 | O65: =IF(초입!AF65="","",초입!AF65&IF(초입!AI65<>"",CHAR(10)&초입!AI65,"")&IF(초입!AL65<>"",CHAR(10)&초입!AL65,"")) -> 구리남양주 구리남양주 의정부 | P65: =IF(초입!AH65="","",초입!AH65&IF(초입!AK65<>"",CHAR(10)&초입!AK65,"")&IF(초입!AN65<>"",CHAR(10)&초입!AN65,"")) -> 특수학교 복합특수학급 특수학교 | Q65: =IF(초입!AO65="","",초입!AO65) -> □ 복지카드: 자폐성장애 중증(~2032.03.31.) | R65: =IF(초입!AP65="","",초입!AP65) | S65: =IF(초입!AD65="","",초입!AD65) -> 010-3738-8719 | T65: =IF(초입!AE65="","",초입!AE65) -> 김찬희(어린이집) | U65: =IF(초입!M65="","",초입!M65) -> 경기도 남양주시 별내3로 159, 2707동 704호
B66: 초입 | C66: =IF(초입!H66<>"","O","") | D66: =IF(초입!I66<>"","O","") -> O | E66: =초입!B66 -> 시립하임어린이집 | F66: =IF(초입!C66="","",초입!C66) | G66: =IF(초입!D66="","",초입!D66) -> 3 | H66: =IF(초입!E66="","",초입!E66) -> 권대훈 | I66: =IF(초입!F66="","",초입!F66) -> 남 | J66: =IF(초입!G66="","",초입!G66) -> 2020.08.04. | K66: =IF(초입!J66="","",초입!J66) -> 자폐성장애 | L66: =IF(초입!K66="","",초입!K66) | M66: =IF(초입!L66="","",초입!L66) | N66: =IF(초입!AF66="","","1. "&초입!AF66&IF(초입!AI66<>"",CHAR(10)&"2. "&초입!AI66,"")&IF(초입!AL66<>"",CHAR(10)&"3. "&초입!AL66,"")) | O66: =IF(초입!AG66="","",초입!AG66&IF(초입!AJ66<>"",CHAR(10)&초입!AJ66,"")&IF(초입!AM66<>"",CHAR(10)&초입!AM66,"")) | P66: =IF(초입!AH66="","",초입!AH66&IF(초입!AK66<>"",CHAR(10)&초입!AK66,"")&IF(초입!AN66<>"",CHAR(10)&초입!AN66,"")) | Q66: =IF(초입!AO66="","",초입!AO66) -> 진단평가 필요 | R66: =IF(초입!AP66="","",초입!AP66) | S66: =IF(초입!AD66="","",초입!AD66) -> 010-4699-4236 | T66: =IF(초입!AE66="","",초입!AE66) | U66: =IF(초입!M66="","",초입!M66) -> 경기도 남양주시 백봉로 32, 126동 2001호
A67: =SUBTOTAL(103,$N$6:N67) -> 20 | B67: 초입 | C67: =IF(초입!H67<>"","O","") | D67: =IF(초입!I67<>"","O","") -> O | E67: =초입!B67 -> 시립하나어린이집 | F67: =IF(초입!C67="","",초입!C67) | G67: =IF(초입!D67="","",초입!D67) -> 3 | H67: =IF(초입!E67="","",초입!E67) -> 김주하 | I67: =IF(초입!F67="","",초입!F67) -> 남 | J67: =IF(초입!G67="","",초입!G67) -> 2019.03.03. | K67: =IF(초입!J67="","",초입!J67) -> 자폐성장애 | L67: =IF(초입!K67="","",초입!K67) -> 자폐성장애 | M67: =IF(초입!L67="","",초입!L67) -> 중증 | N67: =IF(초입!AG67="","","1. "&초입!AG67&IF(초입!AJ67<>"",CHAR(10)&"2. "&초입!AJ67,"")&IF(초입!AM67<>"",CHAR(10)&"3. "&초입!AM67,"")) -> 1. 경은학교 2. 복합특수학급신설 | O67: =IF(초입!AF67="","",초입!AF67&IF(초입!AI67<>"",CHAR(10)&초입!AI67,"")&IF(초입!AL67<>"",CHAR(10)&초입!AL67,"")) -> 구리남양주 구리남양주 | P67: =IF(초입!AH67="","",초입!AH67&IF(초입!AK67<>"",CHAR(10)&초입!AK67,"")&IF(초입!AN67<>"",CHAR(10)&초입!AN67,"")) -> 특수학교 | Q67: =IF(초입!AO67="","",초입!AO67) -> □ 복지카드: 자폐성장애 중증(~2039.01.11.) | R67: =IF(초입!AP67="","",초입!AP67) -> 가족관계증명서, 등본 제출(한부모) | S67: =IF(초입!AD67="","",초입!AD67) -> 010-3222-5480 | T67: =IF(초입!AE67="","",초입!AE67) | U67: =IF(초입!M67="","",초입!M67) -> 경기도 남양주시 화도읍 경춘로 2290번길2, 111동103호
A68: =SUBTOTAL(103,$N$6:N68) -> 21 | B68: 초입 | C68: =IF(초입!H68<>"","O","") | D68: =IF(초입!I68<>"","O","") -> O | E68: =초입!B68 -> 시립하나어린이집 | F68: =IF(초입!C68="","",초입!C68) | G68: =IF(초입!D68="","",초입!D68) -> 3 | H68: =IF(초입!E68="","",초입!E68) -> 박시영 | I68: =IF(초입!F68="","",초입!F68) -> 여 | J68: =IF(초입!G68="","",초입!G68) -> 2018.09.17. | K68: =IF(초입!J68="","",초입!J68) -> 지체장애 | L68: =IF(초입!K68="","",초입!K68) -> 뇌병변장애 | M68: =IF(초입!L68="","",초입!L68) -> 심한 | N68: =IF(초입!AG68="","","1. "&초입!AG68&IF(초입!AJ68<>"",CHAR(10)&"2. "&초입!AJ68,"")&IF(초입!AM68<>"",CHAR(10)&"3. "&초입!AM68,"")) -> 1. 경은학교 | O68: =IF(초입!AF68="","",초입!AF68&IF(초입!AI68<>"",CHAR(10)&초입!AI68,"")&IF(초입!AL68<>"",CHAR(10)&초입!AL68,"")) -> 구리남양주 | P68: =IF(초입!AH68="","",초입!AH68&IF(초입!AK68<>"",CHAR(10)&초입!AK68,"")&IF(초입!AN68<>"",CHAR(10)&초입!AN68,"")) -> 특수학교 | Q68: =IF(초입!AO68="","",초입!AO68) -> □ 장애인증명서: 뇌병변 심한장애 | R68: =IF(초입!AP68="","",초입!AP68) -> 경은 기각되면 취학유예 또는 재활 위해 면제 고려 | S68: =IF(초입!AD68="","",초입!AD68) -> 010-8610-4533 | T68: =IF(초입!AE68="","",초입!AE68) | U68: =IF(초입!M68="","",초입!M68) -> 경기도 남양주시 화도읍 비룡로 56-8, 105동301호
B69: 초입 | C69: =IF(초입!H69<>"","O","") | D69: =IF(초입!I69<>"","O","") -> O | E69: =초입!B69 -> 시립와부어린이집 | F69: =IF(초입!C69="","",초입!C69) | G69: =IF(초입!D69="","",초입!D69) -> 3 | H69: =IF(초입!E69="","",초입!E69) -> 김규리 | I69: =IF(초입!F69="","",초입!F69) -> 여 | J69: =IF(초입!G69="","",초입!G69) -> 2020.11.29. | K69: =IF(초입!J69="","",초입!J69) -> 지적장애 | L69: =IF(초입!K69="","",초입!K69) | M69: =IF(초입!L69="","",초입!L69) | N69: =IF(초입!AF69="","","1. "&초입!AF69&IF(초입!AI69<>"",CHAR(10)&"2. "&초입!AI69,"")&IF(초입!AL69<>"",CHAR(10)&"3. "&초입!AL69,"")) | O69: =IF(초입!AG69="","",초입!AG69&IF(초입!AJ69<>"",CHAR(10)&초입!AJ69,"")&IF(초입!AM69<>"",CHAR(10)&초입!AM69,"")) | P69: =IF(초입!AH69="","",초입!AH69&IF(초입!AK69<>"",CHAR(10)&초입!AK69,"")&IF(초입!AN69<>"",CHAR(10)&초입!AN69,"")) | Q69: =IF(초입!AO69="","",초입!AO69) -> ※심리평가보고서(2026.05.12.) □ K-WPPSI-Ⅳ: 전체IQ 53(언어이해 50, 시공간 52, 유동추론 66, 작업기억 52, 처리속도 61/매우 낮음) □사회성숙도: SA 2세 11개월, SQ 53.69(경도) □적응행동검사: 표준점수 57(상당히 저조한 수준) | R69: =IF(초입!AP69="","",초입!AP69) | S69: =IF(초입!AD69="","",초입!AD69) -> 010-4149-6589 | T69: =IF(초입!AE69="","",초입!AE69) | U69: =IF(초입!M69="","",초입!M69) -> 경기도 남양주시 와부읍 덕소로180, 106동201호
B70: 초입 | C70: =IF(초입!H70<>"","O","") -> O | D70: =IF(초입!I70<>"","O","") | E70: =초입!B70 -> 별가람유치원 | F70: =IF(초입!C70="","",초입!C70) -> 특수학급 | G70: =IF(초입!D70="","",초입!D70) -> 3 | H70: =IF(초입!E70="","",초입!E70) -> 김도연 | I70: =IF(초입!F70="","",초입!F70) -> 남 | J70: =IF(초입!G70="","",초입!G70) -> 2020.06.22. | K70: =IF(초입!J70="","",초입!J70) -> 자폐성장애 (현 발달지체) | L70: =IF(초입!K70="","",초입!K70) -> 자폐성장애 | M70: =IF(초입!L70="","",초입!L70) -> 중증 | N70: =IF(초입!AF70="","","1. "&초입!AF70&IF(초입!AI70<>"",CHAR(10)&"2. "&초입!AI70,"")&IF(초입!AL70<>"",CHAR(10)&"3. "&초입!AL70,"")) | O70: =IF(초입!AG70="","",초입!AG70&IF(초입!AJ70<>"",CHAR(10)&초입!AJ70,"")&IF(초입!AM70<>"",CHAR(10)&초입!AM70,"")) | P70: =IF(초입!AH70="","",초입!AH70&IF(초입!AK70<>"",CHAR(10)&초입!AK70,"")&IF(초입!AN70<>"",CHAR(10)&초입!AN70,"")) | Q70: =IF(초입!AO70="","",초입!AO70) -> □ 복지카드: 자폐성장애 중증(~2029.08.18.) | R70: =IF(초입!AP70="","",초입!AP70) -> *복지카드 원본대조필 / 주소 교사 확인 / 2,3희망교 순위 변경 / 한셀파일 추가 *수정본 접수. 샛별초 2희망 보호자 의견서 제출 | S70: =IF(초입!AD70="","",초입!AD70) -> 010-8570-0151 | T70: =IF(초입!AE70="","",초입!AE70) -> 임경희 | U70: =IF(초입!M70="","",초입!M70) -> 경기도 남양주시 덕송1로 30, 1502동 1304호
B71: 초입 | C71: =IF(초입!H71<>"","O","") -> O | D71: =IF(초입!I71<>"","O","") | E71: =초입!B71 -> 다산새봄초등학교병설유치원 | F71: =IF(초입!C71="","",초입!C71) -> 특수학급 | G71: =IF(초입!D71="","",초입!D71) -> 3 | H71: =IF(초입!E71="","",초입!E71) -> 홍아현 | I71: =IF(초입!F71="","",초입!F71) -> 여 | J71: =IF(초입!G71="","",초입!G71) -> 2020.04.09. | K71: =IF(초입!J71="","",초입!J71) -> 발달지체 | L71: =IF(초입!K71="","",초입!K71) | M71: =IF(초입!L71="","",초입!L71) | N71: =IF(초입!AF71="","","1. "&초입!AF71&IF(초입!AI71<>"",CHAR(10)&"2. "&초입!AI71,"")&IF(초입!AL71<>"",CHAR(10)&"3. "&초입!AL71,"")) | O71: =IF(초입!AG71="","",초입!AG71&IF(초입!AJ71<>"",CHAR(10)&초입!AJ71,"")&IF(초입!AM71<>"",CHAR(10)&초입!AM71,"")) | P71: =IF(초입!AH71="","",초입!AH71&IF(초입!AK71<>"",CHAR(10)&초입!AK71,"")&IF(초입!AN71<>"",CHAR(10)&초입!AN71,"")) | Q71: =IF(초입!AO71="","",초입!AO71) | R71: =IF(초입!AP71="","",초입!AP71) | S71: =IF(초입!AD71="","",초입!AD71) -> 010-3681-1805 | T71: =IF(초입!AE71="","",초입!AE71) -> 황가연 | U71: =IF(초입!M71="","",초입!M71) -> 경기도 남양주시 다산중앙로 82번길 105, 6205-2504
B72: 초입 | C72: =IF(초입!H72<>"","O","") -> O | D72: =IF(초입!I72<>"","O","") | E72: =초입!B72 -> 다산새봄초등학교병설유치원 | F72: =IF(초입!C72="","",초입!C72) -> 일반학급 | G72: =IF(초입!D72="","",초입!D72) -> 3 | H72: =IF(초입!E72="","",초입!E72) -> 김유안 | I72: =IF(초입!F72="","",초입!F72) -> 남 | J72: =IF(초입!G72="","",초입!G72) -> 2020.12.27. | K72: =IF(초입!J72="","",초입!J72) -> 발달지체 | L72: =IF(초입!K72="","",초입!K72) | M72: =IF(초입!L72="","",초입!L72) | N72: =IF(초입!AF72="","","1. "&초입!AF72&IF(초입!AI72<>"",CHAR(10)&"2. "&초입!AI72,"")&IF(초입!AL72<>"",CHAR(10)&"3. "&초입!AL72,"")) | O72: =IF(초입!AG72="","",초입!AG72&IF(초입!AJ72<>"",CHAR(10)&초입!AJ72,"")&IF(초입!AM72<>"",CHAR(10)&초입!AM72,"")) | P72: =IF(초입!AH72="","",초입!AH72&IF(초입!AK72<>"",CHAR(10)&초입!AK72,"")&IF(초입!AN72<>"",CHAR(10)&초입!AN72,"")) | Q72: =IF(초입!AO72="","",초입!AO72) | R72: =IF(초입!AP72="","",초입!AP72) -> 한셀과 PDF 신청교 다름 확인 / 다른 특대자 김해준,박우영 취소 | S72: =IF(초입!AD72="","",초입!AD72) -> 010-9809-0905 | T72: =IF(초입!AE72="","",초입!AE72) -> 황가연 | U72: =IF(초입!M72="","",초입!M72) -> 경기도 남양주시 다산중앙로 82번길 12, 5310-201
A73: =SUBTOTAL(103,$N$6:N73) -> 22 | B73: 초입 | C73: =IF(초입!H73<>"","O","") -> O | D73: =IF(초입!I73<>"","O","") | E73: =초입!B73 -> 다산한강유치원 | F73: =IF(초입!C73="","",초입!C73) -> 특수학급 | G73: =IF(초입!D73="","",초입!D73) -> 3 | H73: =IF(초입!E73="","",초입!E73) -> 김태리 | I73: =IF(초입!F73="","",초입!F73) -> 남 | J73: =IF(초입!G73="","",초입!G73) -> 2020.01.20. | K73: =IF(초입!J73="","",초입!J73) -> 자폐성장애 | L73: =IF(초입!K73="","",초입!K73) -> 자폐성·언어장애 | M73: =IF(초입!L73="","",초입!L73) -> 중증 | N73: =IF(초입!AG73="","","1. "&초입!AG73&IF(초입!AJ73<>"",CHAR(10)&"2. "&초입!AJ73,"")&IF(초입!AM73<>"",CHAR(10)&"3. "&초입!AM73,"")) -> 1. 경은학교 2. 성광학교 3. 사능초등학교 | O73: =IF(초입!AF73="","",초입!AF73&IF(초입!AI73<>"",CHAR(10)&초입!AI73,"")&IF(초입!AL73<>"",CHAR(10)&초입!AL73,"")) -> 구리남양주 광주하남 구리남양주 | P73: =IF(초입!AH73="","",초입!AH73&IF(초입!AK73<>"",CHAR(10)&초입!AK73,"")&IF(초입!AN73<>"",CHAR(10)&초입!AN73,"")) -> 특수학교 특수학교 복합특수학급 | Q73: =IF(초입!AO73="","",초입!AO73) -> □ 복지카드: 자폐성,언어장애 중증(~2031.10.14.) | R73: =IF(초입!AP73="","",초입!AP73) | S73: =IF(초입!AD73="","",초입!AD73) -> 010-8504-2941 | T73: =IF(초입!AE73="","",초입!AE73) -> 김해지 | U73: =IF(초입!M73="","",초입!M73) -> 경기도 남양주시 다산지금로 146번길 117, 7511-1901
A74: =SUBTOTAL(103,$N$6:N74) -> 23 | B74: 초입 | C74: =IF(초입!H74<>"","O","") -> O | D74: =IF(초입!I74<>"","O","") | E74: =초입!B74 -> 다산한강유치원 | F74: =IF(초입!C74="","",초입!C74) -> 특수학급 | G74: =IF(초입!D74="","",초입!D74) -> 3 | H74: =IF(초입!E74="","",초입!E74) -> 이해빈 | I74: =IF(초입!F74="","",초입!F74) -> 여 | J74: =IF(초입!G74="","",초입!G74) -> 2020.05.13. | K74: =IF(초입!J74="","",초입!J74) -> 자폐성장애 (현 발달지체) | L74: =IF(초입!K74="","",초입!K74) -> 자폐성장애 | M74: =IF(초입!L74="","",초입!L74) -> 중증 | N74: =IF(초입!AG74="","","1. "&초입!AG74&IF(초입!AJ74<>"",CHAR(10)&"2. "&초입!AJ74,"")&IF(초입!AM74<>"",CHAR(10)&"3. "&초입!AM74,"")) -> 1. 경은학교 | O74: =IF(초입!AF74="","",초입!AF74&IF(초입!AI74<>"",CHAR(10)&초입!AI74,"")&IF(초입!AL74<>"",CHAR(10)&초입!AL74,"")) -> 구리남양주 | P74: =IF(초입!AH74="","",초입!AH74&IF(초입!AK74<>"",CHAR(10)&초입!AK74,"")&IF(초입!AN74<>"",CHAR(10)&초입!AN74,"")) -> 특수학교 | Q74: =IF(초입!AO74="","",초입!AO74) -> □ 복지카드: 자폐성장애 중증(~2032.02.03.) | R74: =IF(초입!AP74="","",초입!AP74) -> 근거리 가운초, 양정초 순 | S74: =IF(초입!AD74="","",초입!AD74) -> 010-5377-5204 | T74: =IF(초입!AE74="","",초입!AE74) -> 김해지 | U74: =IF(초입!M74="","",초입!M74) -> 경기도 남양주시 다산지금로 146번길 117, 7502-2902
B75: 초입 | C75: =IF(초입!H75<>"","O","") -> O | D75: =IF(초입!I75<>"","O","") | E75: =초입!B75 -> 다산한강유치원 | F75: =IF(초입!C75="","",초입!C75) -> 특수학급 | G75: =IF(초입!D75="","",초입!D75) -> 3 | H75: =IF(초입!E75="","",초입!E75) -> 최모건 | I75: =IF(초입!F75="","",초입!F75) -> 남 | J75: =IF(초입!G75="","",초입!G75) -> 2020.10.22. | K75: =IF(초입!J75="","",초입!J75) -> 발달지체 | L75: =IF(초입!K75="","",초입!K75) | M75: =IF(초입!L75="","",초입!L75) | N75: =IF(초입!AF75="","","1. "&초입!AF75&IF(초입!AI75<>"",CHAR(10)&"2. "&초입!AI75,"")&IF(초입!AL75<>"",CHAR(10)&"3. "&초입!AL75,"")) | O75: =IF(초입!AG75="","",초입!AG75&IF(초입!AJ75<>"",CHAR(10)&초입!AJ75,"")&IF(초입!AM75<>"",CHAR(10)&초입!AM75,"")) | P75: =IF(초입!AH75="","",초입!AH75&IF(초입!AK75<>"",CHAR(10)&초입!AK75,"")&IF(초입!AN75<>"",CHAR(10)&초입!AN75,"")) | Q75: =IF(초입!AO75="","",초입!AO75) | R75: =IF(초입!AP75="","",초입!AP75) -> 3순위 거리 애매... 가운,다산별빛,금교 | S75: =IF(초입!AD75="","",초입!AD75) -> 010-7180-0903 | T75: =IF(초입!AE75="","",초입!AE75) -> 김해지 | U75: =IF(초입!M75="","",초입!M75) -> 경기도 남양주시 다산지금로145번길 15, 7303동 2104호
B76: 초입 | C76: =IF(초입!H76<>"","O","") -> O | D76: =IF(초입!I76<>"","O","") | E76: =초입!B76 -> 다산한강유치원 | F76: =IF(초입!C76="","",초입!C76) -> 일반학급 | G76: =IF(초입!D76="","",초입!D76) -> 3 | H76: =IF(초입!E76="","",초입!E76) -> 김수영 | I76: =IF(초입!F76="","",초입!F76) -> 여 | J76: =IF(초입!G76="","",초입!G76) -> 2020.12.03. | K76: =IF(초입!J76="","",초입!J76) -> 발달지체 | L76: =IF(초입!K76="","",초입!K76) | M76: =IF(초입!L76="","",초입!L76) | N76: =IF(초입!AF76="","","1. "&초입!AF76&IF(초입!AI76<>"",CHAR(10)&"2. "&초입!AI76,"")&IF(초입!AL76<>"",CHAR(10)&"3. "&초입!AL76,"")) | O76: =IF(초입!AG76="","",초입!AG76&IF(초입!AJ76<>"",CHAR(10)&초입!AJ76,"")&IF(초입!AM76<>"",CHAR(10)&초입!AM76,"")) | P76: =IF(초입!AH76="","",초입!AH76&IF(초입!AK76<>"",CHAR(10)&초입!AK76,"")&IF(초입!AN76<>"",CHAR(10)&초입!AN76,"")) | Q76: =IF(초입!AO76="","",초입!AO76) | R76: =IF(초입!AP76="","",초입!AP76) -> 이사 예정 | S76: =IF(초입!AD76="","",초입!AD76) -> 010-5303-0083 | T76: =IF(초입!AE76="","",초입!AE76) -> 김해지 | U76: =IF(초입!M76="","",초입!M76) -> 경기도 남양주시 다산지금로146번길 100, 7602동 2802호
B77: 초입 | C77: =IF(초입!H77<>"","O","") -> O | D77: =IF(초입!I77<>"","O","") | E77: =초입!B77 -> 갈매초등학교병설유치원 | F77: =IF(초입!C77="","",초입!C77) -> 특수학급 | G77: =IF(초입!D77="","",초입!D77) -> 3 | H77: =IF(초입!E77="","",초입!E77) -> 이태훈 | I77: =IF(초입!F77="","",초입!F77) -> 남 | J77: =IF(초입!G77="","",초입!G77) -> 2020.04.13. | K77: =IF(초입!J77="","",초입!J77) -> 자폐성장애 | L77: =IF(초입!K77="","",초입!K77) -> 자폐성장애 | M77: =IF(초입!L77="","",초입!L77) -> 중증 | N77: =IF(초입!AF77="","","1. "&초입!AF77&IF(초입!AI77<>"",CHAR(10)&"2. "&초입!AI77,"")&IF(초입!AL77<>"",CHAR(10)&"3. "&초입!AL77,"")) | O77: =IF(초입!AG77="","",초입!AG77&IF(초입!AJ77<>"",CHAR(10)&초입!AJ77,"")&IF(초입!AM77<>"",CHAR(10)&초입!AM77,"")) | P77: =IF(초입!AH77="","",초입!AH77&IF(초입!AK77<>"",CHAR(10)&초입!AK77,"")&IF(초입!AN77<>"",CHAR(10)&초입!AN77,"")) | Q77: =IF(초입!AO77="","",초입!AO77) -> □ 복지카드: 자폐성장애 중증(~2032.03.16.) | R77: =IF(초입!AP77="","",초입!AP77) -> 3희망교 한별초로 변경 | S77: =IF(초입!AD77="","",초입!AD77) -> 010-8962-0166 | T77: =IF(초입!AE77="","",초입!AE77) -> 이신애 | U77: =IF(초입!M77="","",초입!M77) -> 경기도 구리시 갈매중앙로 16, 701-2402
B78: 초입 | C78: =IF(초입!H78<>"","O","") -> O | D78: =IF(초입!I78<>"","O","") | E78: =초입!B78 -> 오남초등학교병설유치원 | F78: =IF(초입!C78="","",초입!C78) -> 특수학급 | G78: =IF(초입!D78="","",초입!D78) -> 3 | H78: =IF(초입!E78="","",초입!E78) -> 김지혜 | I78: =IF(초입!F78="","",초입!F78) -> 여 | J78: =IF(초입!G78="","",초입!G78) -> 2020.04.18. | K78: =IF(초입!J78="","",초입!J78) -> 지적장애 (현 발달지체) | L78: =IF(초입!K78="","",초입!K78) -> 지적장애 | M78: =IF(초입!L78="","",초입!L78) -> 중증 | N78: =IF(초입!AF78="","","1. "&초입!AF78&IF(초입!AI78<>"",CHAR(10)&"2. "&초입!AI78,"")&IF(초입!AL78<>"",CHAR(10)&"3. "&초입!AL78,"")) | O78: =IF(초입!AG78="","",초입!AG78&IF(초입!AJ78<>"",CHAR(10)&초입!AJ78,"")&IF(초입!AM78<>"",CHAR(10)&초입!AM78,"")) | P78: =IF(초입!AH78="","",초입!AH78&IF(초입!AK78<>"",CHAR(10)&초입!AK78,"")&IF(초입!AN78<>"",CHAR(10)&초입!AN78,"")) | Q78: =IF(초입!AO78="","",초입!AO78) -> □ 복지카드: 지적장애 중증(~2030.12.22.) | R78: =IF(초입!AP78="","",초입!AP78) -> 동생이 오남초병유 재원. 초등학교도 학구인 오남초에 배치 받아야 등하원 용이. 의견서 및 증빙서류 제출 | S78: =IF(초입!AD78="","",초입!AD78) -> 010-9477-5341 | T78: =IF(초입!AE78="","",초입!AE78) -> 우미란 | U78: =IF(초입!M78="","",초입!M78) -> 경기도 남양주시 오남읍 진건오남로631, 601-305
B79: 초입 | C79: =IF(초입!H79<>"","O","") -> O | D79: =IF(초입!I79<>"","O","") | E79: =초입!B79 -> 다산새봄유치원 | F79: =IF(초입!C79="","",초입!C79) -> 특수학급 | G79: =IF(초입!D79="","",초입!D79) -> 3 | H79: =IF(초입!E79="","",초입!E79) -> 문시현 | I79: =IF(초입!F79="","",초입!F79) -> 남 | J79: =IF(초입!G79="","",초입!G79) -> 2020.01.13. | K79: =IF(초입!J79="","",초입!J79) -> 발달지체 | L79: =IF(초입!K79="","",초입!K79) | M79: =IF(초입!L79="","",초입!L79) | N79: =IF(초입!AF79="","","1. "&초입!AF79&IF(초입!AI79<>"",CHAR(10)&"2. "&초입!AI79,"")&IF(초입!AL79<>"",CHAR(10)&"3. "&초입!AL79,"")) | O79: =IF(초입!AG79="","",초입!AG79&IF(초입!AJ79<>"",CHAR(10)&초입!AJ79,"")&IF(초입!AM79<>"",CHAR(10)&초입!AM79,"")) | P79: =IF(초입!AH79="","",초입!AH79&IF(초입!AK79<>"",CHAR(10)&초입!AK79,"")&IF(초입!AN79<>"",CHAR(10)&초입!AN79,"")) | Q79: =IF(초입!AO79="","",초입!AO79) | R79: =IF(초입!AP79="","",초입!AP79) -> 도농초1.2 / 다산가람초 1.7 / 금교초 2.3 순인데, 2희망 다산새봄, 3희망 다산가람초 작성함. (다산새봄은 2.3) -최근거리교 안내함. -도보, 버스이용으로 인해 2,3희망교 최근거리 아님. 보호자 확인서 제출완 | S79: =IF(초입!AD79="","",초입!AD79) -> 010-3344-7709 | T79: =IF(초입!AE79="","",초입!AE79) -> 이성진 | U79: =IF(초입!M79="","",초입!M79) -> 경기도 남양주시 미금로24 805동 1104호
B80: 초입 | C80: =IF(초입!H80<>"","O","") -> O | D80: =IF(초입!I80<>"","O","") | E80: =초입!B80 -> 산마루초등학교병설유치원 | F80: =IF(초입!C80="","",초입!C80) -> 특수학급 | G80: =IF(초입!D80="","",초입!D80) -> 3 | H80: =IF(초입!E80="","",초입!E80) -> 김도현 | I80: =IF(초입!F80="","",초입!F80) -> 남 | J80: =IF(초입!G80="","",초입!G80) -> 2020.03.02. | K80: =IF(초입!J80="","",초입!J80) -> 자폐성장애 (현 발달지체) | L80: =IF(초입!K80="","",초입!K80) -> 발급중 | M80: =IF(초입!L80="","",초입!L80) | N80: =IF(초입!AF80="","","1. "&초입!AF80&IF(초입!AI80<>"",CHAR(10)&"2. "&초입!AI80,"")&IF(초입!AL80<>"",CHAR(10)&"3. "&초입!AL80,"")) | O80: =IF(초입!AG80="","",초입!AG80&IF(초입!AJ80<>"",CHAR(10)&초입!AJ80,"")&IF(초입!AM80<>"",CHAR(10)&초입!AM80,"")) | P80: =IF(초입!AH80="","",초입!AH80&IF(초입!AK80<>"",CHAR(10)&초입!AK80,"")&IF(초입!AN80<>"",CHAR(10)&초입!AN80,"")) | Q80: =IF(초입!AO80="","",초입!AO80) -> 진단서(자폐증,최종진단) | R80: =IF(초입!AP80="","",초입!AP80) -> 복지카드 발급중 (자폐 중증) / 발급 완료되면 복지카드 추가 제출 안내 / 3근거리 내양초X 한별초0 안내 | S80: =IF(초입!AD80="","",초입!AD80) -> 010-3302-3499 | T80: =IF(초입!AE80="","",초입!AE80) -> 안선영 | U80: =IF(초입!M80="","",초입!M80) -> 경기도 구리시 경춘북로 252, 810동 2504호(갈매동, 갈매역 아이파크)
A81: =SUBTOTAL(103,$N$6:N81) -> 24 | B81: 초입 | C81: =IF(초입!H81<>"","O","") -> O | D81: =IF(초입!I81<>"","O","") | E81: =초입!B81 -> 산마루초등학교병설유치원 | F81: =IF(초입!C81="","",초입!C81) -> 특수학급 | G81: =IF(초입!D81="","",초입!D81) -> 3 | H81: =IF(초입!E81="","",초입!E81) -> 김서율 | I81: =IF(초입!F81="","",초입!F81) -> 여 | J81: =IF(초입!G81="","",초입!G81) -> 2020.10.03. | K81: =IF(초입!J81="","",초입!J81) -> 자폐성장애 (현 발달지체) | L81: =IF(초입!K81="","",초입!K81) -> 발급중 | M81: =IF(초입!L81="","",초입!L81) | N81: =IF(초입!AG81="","","1. "&초입!AG81&IF(초입!AJ81<>"",CHAR(10)&"2. "&초입!AJ81,"")&IF(초입!AM81<>"",CHAR(10)&"3. "&초입!AM81,"")) -> 1. 경은학교 | O81: =IF(초입!AF81="","",초입!AF81&IF(초입!AI81<>"",CHAR(10)&초입!AI81,"")&IF(초입!AL81<>"",CHAR(10)&초입!AL81,"")) -> 구리남양주 | P81: =IF(초입!AH81="","",초입!AH81&IF(초입!AK81<>"",CHAR(10)&초입!AK81,"")&IF(초입!AN81<>"",CHAR(10)&초입!AN81,"")) -> 특수학교 | Q81: =IF(초입!AO81="","",초입!AO81) -> ※심리평가보고서(2026.3.26.) □K-WPPSI-IV: 전체IQ 40 (언어이해 45, 시공간 52, 유동추론 45, 작업기억 45, 처리속도 45/매우낮음) □사회성숙도: SA 2세 7개월, SQ 47.79(매우낮음) □K-CARS-Ⅱ(ST): 총점 34점(경도에서 중등도 수준의 자폐 관련 행동) | R81: =IF(초입!AP81="","",초입!AP81) -> 복지카드 발급중 (자폐 중증) / 발급 완료되면 복지카드 추가 제출 안내 / 3근거리 내양초X 한별초0 안내 / 복지카드 없어도 자폐성장애 진단 가능 | S81: =IF(초입!AD81="","",초입!AD81) -> 010-9769-4972 | T81: =IF(초입!AE81="","",초입!AE81) -> 안선영 | U81: =IF(초입!M81="","",초입!M81) -> 경기도 구리시 갈매순환로 204번길 8-32, 202호(갈매동)
A82: =SUBTOTAL(103,$N$6:N82) -> 25 | B82: 초입 | C82: =IF(초입!H82<>"","O","") -> O | D82: =IF(초입!I82<>"","O","") | E82: =초입!B82 -> 산마루초등학교병설유치원 | F82: =IF(초입!C82="","",초입!C82) -> 특수학급 | G82: =IF(초입!D82="","",초입!D82) -> 3 | H82: =IF(초입!E82="","",초입!E82) -> 정지현 | I82: =IF(초입!F82="","",초입!F82) -> 여 | J82: =IF(초입!G82="","",초입!G82) -> 2020.09.15. | K82: =IF(초입!J82="","",초입!J82) -> 자폐성장애 | L82: =IF(초입!K82="","",초입!K82) -> 자폐성장애 | M82: =IF(초입!L82="","",초입!L82) -> 중증 | N82: =IF(초입!AG82="","","1. "&초입!AG82&IF(초입!AJ82<>"",CHAR(10)&"2. "&초입!AJ82,"")&IF(초입!AM82<>"",CHAR(10)&"3. "&초입!AM82,"")) -> 1. 경은학교 | O82: =IF(초입!AF82="","",초입!AF82&IF(초입!AI82<>"",CHAR(10)&초입!AI82,"")&IF(초입!AL82<>"",CHAR(10)&초입!AL82,"")) -> 구리남양주 | P82: =IF(초입!AH82="","",초입!AH82&IF(초입!AK82<>"",CHAR(10)&초입!AK82,"")&IF(초입!AN82<>"",CHAR(10)&초입!AN82,"")) -> 특수학교 | Q82: =IF(초입!AO82="","",초입!AO82) -> □ 복지카드: 자폐성장애 중증(~2029.11.23.) | R82: =IF(초입!AP82="","",초입!AP82) | S82: =IF(초입!AD82="","",초입!AD82) -> 010-4345-0582 | T82: =IF(초입!AE82="","",초입!AE82) -> 안선영 | U82: =IF(초입!M82="","",초입!M82) -> 경기도 구리시 갈매중앙로 131, 303동 1103호(갈매동, 한라비발디)
B83: 초입 | C83: =IF(초입!H83<>"","O","") -> O | D83: =IF(초입!I83<>"","O","") | E83: =초입!B83 -> 화도은솔유치원 | F83: =IF(초입!C83="","",초입!C83) -> 특수학급 | G83: =IF(초입!D83="","",초입!D83) -> 3 | H83: =IF(초입!E83="","",초입!E83) -> 김서후 | I83: =IF(초입!F83="","",초입!F83) -> 남 | J83: =IF(초입!G83="","",초입!G83) -> 2020.01.02. | K83: =IF(초입!J83="","",초입!J83) -> 자폐성장애 (현 발달지체) | L83: =IF(초입!K83="","",초입!K83) -> 자폐성장애 | M83: =IF(초입!L83="","",초입!L83) -> 중증 | N83: =IF(초입!AF83="","","1. "&초입!AF83&IF(초입!AI83<>"",CHAR(10)&"2. "&초입!AI83,"")&IF(초입!AL83<>"",CHAR(10)&"3. "&초입!AL83,"")) | O83: =IF(초입!AG83="","",초입!AG83&IF(초입!AJ83<>"",CHAR(10)&초입!AJ83,"")&IF(초입!AM83<>"",CHAR(10)&초입!AM83,"")) | P83: =IF(초입!AH83="","",초입!AH83&IF(초입!AK83<>"",CHAR(10)&초입!AK83,"")&IF(초입!AN83<>"",CHAR(10)&초입!AN83,"")) | Q83: =IF(초입!AO83="","",초입!AO83) -> □ 복지카드: 자폐성장애 중증(~2031.2.26.) | R83: =IF(초입!AP83="","",초입!AP83) -> *김서후, 김시후 쌍둥이 같은 학교 배치 희망 *활보 가능한 은솔초, 마석초 희망(송라초는 활보 불가하다함) / 2근거리 마석초, 3근거리 창현초임, 4근거리가 은솔초 *발달지체에서 자폐성장애로 유형변경 안내(복지카드 제출) | S83: =IF(초입!AD83="","",초입!AD83) -> 010-5094-4560 | T83: =IF(초입!AE83="","",초입!AE83) -> 류창준 | U83: =IF(초입!M83="","",초입!M83) -> 경기도 남양주시 화도읍 마석로 33, 102동 1002호 (빌리브센트하이)
B84: 초입 | C84: =IF(초입!H84<>"","O","") -> O | D84: =IF(초입!I84<>"","O","") | E84: =초입!B84 -> 화도은솔유치원 | F84: =IF(초입!C84="","",초입!C84) -> 특수학급 | G84: =IF(초입!D84="","",초입!D84) -> 3 | H84: =IF(초입!E84="","",초입!E84) -> 김시후 | I84: =IF(초입!F84="","",초입!F84) -> 남 | J84: =IF(초입!G84="","",초입!G84) -> 2020.01.02. | K84: =IF(초입!J84="","",초입!J84) -> 자폐성장애 (현 발달지체) | L84: =IF(초입!K84="","",초입!K84) -> 자폐성장애 | M84: =IF(초입!L84="","",초입!L84) -> 중증 | N84: =IF(초입!AF84="","","1. "&초입!AF84&IF(초입!AI84<>"",CHAR(10)&"2. "&초입!AI84,"")&IF(초입!AL84<>"",CHAR(10)&"3. "&초입!AL84,"")) | O84: =IF(초입!AG84="","",초입!AG84&IF(초입!AJ84<>"",CHAR(10)&초입!AJ84,"")&IF(초입!AM84<>"",CHAR(10)&초입!AM84,"")) | P84: =IF(초입!AH84="","",초입!AH84&IF(초입!AK84<>"",CHAR(10)&초입!AK84,"")&IF(초입!AN84<>"",CHAR(10)&초입!AN84,"")) | Q84: =IF(초입!AO84="","",초입!AO84) -> □ 복지카드: 자폐성장애 중증(~2031.2.26.) | R84: =IF(초입!AP84="","",초입!AP84) -> *김서후, 김시후 쌍둥이 같은 학교 배치 희망 *활보 가능한 은솔초, 마석초 희망(송라초는 활보 불가하다함) / 2근거리 마석초, 3근거리 창현초임, 4근거리가 은솔초 *발달지체에서 자폐성장애로 유형변경 안내(복지카드 제출) | S84: =IF(초입!AD84="","",초입!AD84) -> 010-5094-4560 | T84: =IF(초입!AE84="","",초입!AE84) -> 류창준 | U84: =IF(초입!M84="","",초입!M84) -> 경기도 남양주시 화도읍 마석로 33, 102동 1002호 (빌리브센트하이)
B85: 초입 | C85: =IF(초입!H85<>"","O","") -> O | D85: =IF(초입!I85<>"","O","") | E85: =초입!B85 -> 화도은솔유치원 | F85: =IF(초입!C85="","",초입!C85) -> 특수학급 | G85: =IF(초입!D85="","",초입!D85) -> 3 | H85: =IF(초입!E85="","",초입!E85) -> 문채환 | I85: =IF(초입!F85="","",초입!F85) -> 남 | J85: =IF(초입!G85="","",초입!G85) -> 2020.12.15. | K85: =IF(초입!J85="","",초입!J85) -> 자폐성장애 | L85: =IF(초입!K85="","",초입!K85) | M85: =IF(초입!L85="","",초입!L85) | N85: =IF(초입!AF85="","","1. "&초입!AF85&IF(초입!AI85<>"",CHAR(10)&"2. "&초입!AI85,"")&IF(초입!AL85<>"",CHAR(10)&"3. "&초입!AL85,"")) | O85: =IF(초입!AG85="","",초입!AG85&IF(초입!AJ85<>"",CHAR(10)&초입!AJ85,"")&IF(초입!AM85<>"",CHAR(10)&초입!AM85,"")) | P85: =IF(초입!AH85="","",초입!AH85&IF(초입!AK85<>"",CHAR(10)&초입!AK85,"")&IF(초입!AN85<>"",CHAR(10)&초입!AN85,"")) | Q85: =IF(초입!AO85="","",초입!AO85) | R85: =IF(초입!AP85="","",초입!AP85) -> *학부모 직장 근거리 학교 희망(최근거리 호평초 말고 평동초 희망) / 증빙서류 제출함 재직증명서, 가족관계증명서 *직장 기준 2근거리 판곡초, 3근거리 구룡초임(원본 2희망 구룡초, 3희망 호평초였음) | S85: =IF(초입!AD85="","",초입!AD85) -> 010-3279-2477 | T85: =IF(초입!AE85="","",초입!AE85) -> 류창준 | U85: =IF(초입!M85="","",초입!M85) -> 경기도 남양주시 천마산로 65, 116동 404호 (호평동, 호평파라곤) 직장: 경기도 남양주시 호평로46번길 8, 클랑피아노교습소
B86: 초입 | C86: =IF(초입!H86<>"","O","") -> O | D86: =IF(초입!I86<>"","O","") | E86: =초입!B86 -> 화도은솔유치원 | F86: =IF(초입!C86="","",초입!C86) -> 특수학급 | G86: =IF(초입!D86="","",초입!D86) -> 3 | H86: =IF(초입!E86="","",초입!E86) -> 이선재 | I86: =IF(초입!F86="","",초입!F86) -> 남 | J86: =IF(초입!G86="","",초입!G86) -> 2020.06.24. | K86: =IF(초입!J86="","",초입!J86) -> 발달지체 | L86: =IF(초입!K86="","",초입!K86) | M86: =IF(초입!L86="","",초입!L86) | N86: =IF(초입!AF86="","","1. "&초입!AF86&IF(초입!AI86<>"",CHAR(10)&"2. "&초입!AI86,"")&IF(초입!AL86<>"",CHAR(10)&"3. "&초입!AL86,"")) | O86: =IF(초입!AG86="","",초입!AG86&IF(초입!AJ86<>"",CHAR(10)&초입!AJ86,"")&IF(초입!AM86<>"",CHAR(10)&초입!AM86,"")) | P86: =IF(초입!AH86="","",초입!AH86&IF(초입!AK86<>"",CHAR(10)&초입!AK86,"")&IF(초입!AN86<>"",CHAR(10)&초입!AN86,"")) | Q86: =IF(초입!AO86="","",초입!AO86) | R86: =IF(초입!AP86="","",초입!AP86) | S86: =IF(초입!AD86="","",초입!AD86) -> 010-6489-5236 | T86: =IF(초입!AE86="","",초입!AE86) -> 류창준 | U86: =IF(초입!M86="","",초입!M86) -> 경기도 남양주시 백봉로 32, 114동 901호 (호평동, 두산 알프하임)
A87: =SUBTOTAL(103,$N$6:N87) -> 26 | B87: 초입 | C87: =IF(초입!H87<>"","O","") -> O | D87: =IF(초입!I87<>"","O","") | E87: =초입!B87 -> 화도은솔유치원 | F87: =IF(초입!C87="","",초입!C87) -> 특수학급 | G87: =IF(초입!D87="","",초입!D87) -> 3 | H87: =IF(초입!E87="","",초입!E87) -> 진시아 | I87: =IF(초입!F87="","",초입!F87) -> 여 | J87: =IF(초입!G87="","",초입!G87) -> 2020.03.19. | K87: =IF(초입!J87="","",초입!J87) -> 자폐성장애 (현 발달지체) | L87: =IF(초입!K87="","",초입!K87) -> 자폐성장애 | M87: =IF(초입!L87="","",초입!L87) -> 중증 | N87: =IF(초입!AG87="","","1. "&초입!AG87&IF(초입!AJ87<>"",CHAR(10)&"2. "&초입!AJ87,"")&IF(초입!AM87<>"",CHAR(10)&"3. "&초입!AM87,"")) -> 1. 경은학교 | O87: =IF(초입!AF87="","",초입!AF87&IF(초입!AI87<>"",CHAR(10)&초입!AI87,"")&IF(초입!AL87<>"",CHAR(10)&초입!AL87,"")) -> 구리남양주 | P87: =IF(초입!AH87="","",초입!AH87&IF(초입!AK87<>"",CHAR(10)&초입!AK87,"")&IF(초입!AN87<>"",CHAR(10)&초입!AN87,"")) -> 특수학교 | Q87: =IF(초입!AO87="","",초입!AO87) | R87: =IF(초입!AP87="","",초입!AP87) -> *3근거리 창현초1.4, 화도초1.5, 은솔초1.5임 *송라, 마석, 화도 순으로 수정 제출함 | S87: =IF(초입!AD87="","",초입!AD87) -> 010-9153-1455 | T87: =IF(초입!AE87="","",초입!AE87) -> 류창준 | U87: =IF(초입!M87="","",초입!M87) -> 경기도 남양주시 화도읍 비룡로 56-8, 107동 303호 (신명스카이뷰그린)
B88: 초입 | C88: =IF(초입!H88<>"","O","") -> O | D88: =IF(초입!I88<>"","O","") | E88: =초입!B88 -> 화도은솔유치원 | F88: =IF(초입!C88="","",초입!C88) -> 특수학급 | G88: =IF(초입!D88="","",초입!D88) -> 3 | H88: =IF(초입!E88="","",초입!E88) -> 천수호 | I88: =IF(초입!F88="","",초입!F88) -> 남 | J88: =IF(초입!G88="","",초입!G88) -> 2020.03.26. | K88: =IF(초입!J88="","",초입!J88) -> 자폐성장애 | L88: =IF(초입!K88="","",초입!K88) -> 자폐성장애 | M88: =IF(초입!L88="","",초입!L88) -> 심한 | N88: =IF(초입!AF88="","","1. "&초입!AF88&IF(초입!AI88<>"",CHAR(10)&"2. "&초입!AI88,"")&IF(초입!AL88<>"",CHAR(10)&"3. "&초입!AL88,"")) | O88: =IF(초입!AG88="","",초입!AG88&IF(초입!AJ88<>"",CHAR(10)&초입!AJ88,"")&IF(초입!AM88<>"",CHAR(10)&초입!AM88,"")) | P88: =IF(초입!AH88="","",초입!AH88&IF(초입!AK88<>"",CHAR(10)&초입!AK88,"")&IF(초입!AN88<>"",CHAR(10)&초입!AN88,"")) | Q88: =IF(초입!AO88="","",초입!AO88) -> 장애인증명서: 자폐성장애 심한장애 | R88: =IF(초입!AP88="","",초입!AP88) -> *활보 가능한 최근거리교 화도초 희망 *2,3희망교 근거리가X 사유 제출함. 활보 이용 때문에. *원래 2근거리 송라초1.7, 3근거리 은솔초 2.3 | S88: =IF(초입!AD88="","",초입!AD88) -> 010-8836-1772 | T88: =IF(초입!AE88="","",초입!AE88) -> 류창준 | U88: =IF(초입!M88="","",초입!M88) -> 경기도 남양주시 화도읍 비룡로99번길 52-6, 다동 402호 (보아주택)
A89: =SUBTOTAL(103,$N$6:N89) -> 27 | B89: 초입 | C89: =IF(초입!H89<>"","O","") -> O | D89: =IF(초입!I89<>"","O","") | E89: =초입!B89 -> 화도은솔유치원 | F89: =IF(초입!C89="","",초입!C89) -> 특수학급 | G89: =IF(초입!D89="","",초입!D89) -> 3 | H89: =IF(초입!E89="","",초입!E89) -> 최규현 | I89: =IF(초입!F89="","",초입!F89) -> 남 | J89: =IF(초입!G89="","",초입!G89) -> 2020.12.23. | K89: =IF(초입!J89="","",초입!J89) -> 지적장애 (현 발달지체) | L89: =IF(초입!K89="","",초입!K89) -> 지적장애 발급중 | M89: =IF(초입!L89="","",초입!L89) | N89: =IF(초입!AG89="","","1. "&초입!AG89&IF(초입!AJ89<>"",CHAR(10)&"2. "&초입!AJ89,"")&IF(초입!AM89<>"",CHAR(10)&"3. "&초입!AM89,"")) -> 1. 경은학교 | O89: =IF(초입!AF89="","",초입!AF89&IF(초입!AI89<>"",CHAR(10)&초입!AI89,"")&IF(초입!AL89<>"",CHAR(10)&초입!AL89,"")) -> 구리남양주 | P89: =IF(초입!AH89="","",초입!AH89&IF(초입!AK89<>"",CHAR(10)&초입!AK89,"")&IF(초입!AN89<>"",CHAR(10)&초입!AN89,"")) -> 특수학교 | Q89: =IF(초입!AO89="","",초입!AO89) -> 지적장애 복지카드 발급 대기중 | R89: =IF(초입!AP89="","",초입!AP89) -> *복지카드 발급 후 추가 제출 안내 *경은 취소함 / 서류 수정제출 필요 | S89: =IF(초입!AD89="","",초입!AD89) -> 010-5527-4969 | T89: =IF(초입!AE89="","",초입!AE89) -> 류창준 | U89: =IF(초입!M89="","",초입!M89) -> 경기도 남양주시 화도읍 경춘보학2길 29, 301동 301호 (라온프라이빗아파트)
B90: 초입 | C90: =IF(초입!H90<>"","O","") -> O | D90: =IF(초입!I90<>"","O","") | E90: =초입!B90 -> 화도은솔유치원 | F90: =IF(초입!C90="","",초입!C90) -> 특수학급 | G90: =IF(초입!D90="","",초입!D90) -> 3 | H90: =IF(초입!E90="","",초입!E90) -> 함채이 | I90: =IF(초입!F90="","",초입!F90) -> 여 | J90: =IF(초입!G90="","",초입!G90) -> 2020.08.25. | K90: =IF(초입!J90="","",초입!J90) -> 자폐성장애 | L90: =IF(초입!K90="","",초입!K90) | M90: =IF(초입!L90="","",초입!L90) | N90: =IF(초입!AF90="","","1. "&초입!AF90&IF(초입!AI90<>"",CHAR(10)&"2. "&초입!AI90,"")&IF(초입!AL90<>"",CHAR(10)&"3. "&초입!AL90,"")) | O90: =IF(초입!AG90="","",초입!AG90&IF(초입!AJ90<>"",CHAR(10)&초입!AJ90,"")&IF(초입!AM90<>"",CHAR(10)&초입!AM90,"")) | P90: =IF(초입!AH90="","",초입!AH90&IF(초입!AK90<>"",CHAR(10)&초입!AK90,"")&IF(초입!AN90<>"",CHAR(10)&초입!AN90,"")) | Q90: =IF(초입!AO90="","",초입!AO90) | R90: =IF(초입!AP90="","",초입!AP90) | S90: =IF(초입!AD90="","",초입!AD90) -> 010-3906-3963 | T90: =IF(초입!AE90="","",초입!AE90) -> 류창준 | U90: =IF(초입!M90="","",초입!M90) -> 경기도 남양주시 화도읍 경춘보학2길 29, 302동 9층 901호 (라온프라이빗아파트)
B91: 초입 | C91: =IF(초입!H91<>"","O","") -> O | D91: =IF(초입!I91<>"","O","") | E91: =초입!B91 -> 다산꽃다비유치원 | F91: =IF(초입!C91="","",초입!C91) -> 특수학급 | G91: =IF(초입!D91="","",초입!D91) -> 3 | H91: =IF(초입!E91="","",초입!E91) -> 최시환 | I91: =IF(초입!F91="","",초입!F91) -> 남 | J91: =IF(초입!G91="","",초입!G91) -> 2020.10.20. | K91: =IF(초입!J91="","",초입!J91) -> 발달지체 | L91: =IF(초입!K91="","",초입!K91) | M91: =IF(초입!L91="","",초입!L91) | N91: =IF(초입!AF91="","","1. "&초입!AF91&IF(초입!AI91<>"",CHAR(10)&"2. "&초입!AI91,"")&IF(초입!AL91<>"",CHAR(10)&"3. "&초입!AL91,"")) | O91: =IF(초입!AG91="","",초입!AG91&IF(초입!AJ91<>"",CHAR(10)&초입!AJ91,"")&IF(초입!AM91<>"",CHAR(10)&초입!AM91,"")) | P91: =IF(초입!AH91="","",초입!AH91&IF(초입!AK91<>"",CHAR(10)&초입!AK91,"")&IF(초입!AN91<>"",CHAR(10)&초입!AN91,"")) | Q91: =IF(초입!AO91="","",초입!AO91) | R91: =IF(초입!AP91="","",초입!AP91) -> *구룡초, 판곡초 공동학구이며, *쌍둥이와 다른 학교 희망해 1희망 구룡 작성 / 우선 가족관계 추가제출 요청 / 공문으로 받음 | S91: =IF(초입!AD91="","",초입!AD91) -> 010-2971-2727 | T91: =IF(초입!AE91="","",초입!AE91) -> 정지혜 | U91: =IF(초입!M91="","",초입!M91) -> 경기도 남양주시 늘을3로 65-26, 1318동 905호
B92: 초입 | C92: =IF(초입!H92<>"","O","") -> O | D92: =IF(초입!I92<>"","O","") | E92: =초입!B92 -> 다산꽃다비유치원 | F92: =IF(초입!C92="","",초입!C92) -> 특수학급 | G92: =IF(초입!D92="","",초입!D92) -> 3 | H92: =IF(초입!E92="","",초입!E92) -> 이로하 | I92: =IF(초입!F92="","",초입!F92) -> 남 | J92: =IF(초입!G92="","",초입!G92) -> 2020.05.04. | K92: =IF(초입!J92="","",초입!J92) -> 발달지체 | L92: =IF(초입!K92="","",초입!K92) | M92: =IF(초입!L92="","",초입!L92) | N92: =IF(초입!AF92="","","1. "&초입!AF92&IF(초입!AI92<>"",CHAR(10)&"2. "&초입!AI92,"")&IF(초입!AL92<>"",CHAR(10)&"3. "&초입!AL92,"")) | O92: =IF(초입!AG92="","",초입!AG92&IF(초입!AJ92<>"",CHAR(10)&초입!AJ92,"")&IF(초입!AM92<>"",CHAR(10)&초입!AM92,"")) | P92: =IF(초입!AH92="","",초입!AH92&IF(초입!AK92<>"",CHAR(10)&초입!AK92,"")&IF(초입!AN92<>"",CHAR(10)&초입!AN92,"")) | Q92: =IF(초입!AO92="","",초입!AO92) | R92: =IF(초입!AP92="","",초입!AP92) | S92: =IF(초입!AD92="","",초입!AD92) -> 010-2744-5265 | T92: =IF(초입!AE92="","",초입!AE92) -> 정지혜 | U92: =IF(초입!M92="","",초입!M92) -> 경기도 남양주시 다산중앙로 82번길 72-43, 301호
B93: 초입 | C93: =IF(초입!H93<>"","O","") -> O | D93: =IF(초입!I93<>"","O","") | E93: =초입!B93 -> 미사랑유치원(광주하남) | F93: =IF(초입!C93="","",초입!C93) -> 특수학급 | G93: =IF(초입!D93="","",초입!D93) -> 3 | H93: =IF(초입!E93="","",초입!E93) -> 정시우 | I93: =IF(초입!F93="","",초입!F93) -> 남 | J93: =IF(초입!G93="","",초입!G93) -> 2020.07.30. | K93: =IF(초입!J93="","",초입!J93) -> 자폐성장애 | L93: =IF(초입!K93="","",초입!K93) -> 자폐성장애 | M93: =IF(초입!L93="","",초입!L93) -> 중증 | N93: =IF(초입!AF93="","","1. "&초입!AF93&IF(초입!AI93<>"",CHAR(10)&"2. "&초입!AI93,"")&IF(초입!AL93<>"",CHAR(10)&"3. "&초입!AL93,"")) | O93: =IF(초입!AG93="","",초입!AG93&IF(초입!AJ93<>"",CHAR(10)&초입!AJ93,"")&IF(초입!AM93<>"",CHAR(10)&초입!AM93,"")) | P93: =IF(초입!AH93="","",초입!AH93&IF(초입!AK93<>"",CHAR(10)&초입!AK93,"")&IF(초입!AN93<>"",CHAR(10)&초입!AN93,"")) | Q93: =IF(초입!AO93="","",초입!AO93) -> □ 복지카드: 자폐성장애 중증(~2031.12.26.) | R93: =IF(초입!AP93="","",초입!AP93) -> *(관외_광주하남) 진단평가결과X / 추후 수령 예정 *와부초 거리 근거 3희망으로 임의변경함. | S93: =IF(초입!AD93="","",초입!AD93) -> 010-8547-9168 | T93: =IF(초입!AE93="","",초입!AE93) -> 채승현 | U93: =IF(초입!M93="","",초입!M93) -> 경기도 남양주시 와부읍 덕소로116번길 12, 603동 504호 (덕소강변신일해피트리아파트)
B94: 초입 | C94: =IF(초입!H94<>"","O","") -> O | D94: =IF(초입!I94<>"","O","") | E94: =초입!B94 -> 예봉초등학교병설유치원 | F94: =IF(초입!C94="","",초입!C94) -> 특수학급 | G94: =IF(초입!D94="","",초입!D94) -> 3 | H94: =IF(초입!E94="","",초입!E94) -> 김성연 | I94: =IF(초입!F94="","",초입!F94) -> 남 | J94: =IF(초입!G94="","",초입!G94) -> 2020.09.14. | K94: =IF(초입!J94="","",초입!J94) -> 발달지체 | L94: =IF(초입!K94="","",초입!K94) | M94: =IF(초입!L94="","",초입!L94) | N94: =IF(초입!AF94="","","1. "&초입!AF94&IF(초입!AI94<>"",CHAR(10)&"2. "&초입!AI94,"")&IF(초입!AL94<>"",CHAR(10)&"3. "&초입!AL94,"")) | O94: =IF(초입!AG94="","",초입!AG94&IF(초입!AJ94<>"",CHAR(10)&초입!AJ94,"")&IF(초입!AM94<>"",CHAR(10)&초입!AM94,"")) | P94: =IF(초입!AH94="","",초입!AH94&IF(초입!AK94<>"",CHAR(10)&초입!AK94,"")&IF(초입!AN94<>"",CHAR(10)&초입!AN94,"")) | Q94: =IF(초입!AO94="","",초입!AO94) | R94: =IF(초입!AP94="","",초입!AP94) -> *2희망 월문초 일반학급 작성. 별도의 증빙서류 없기에 배치에 반영은 어려움 안내, 3근거리 도곡초 1.7 * 원본 수정파일 들어올 예정 / 들어옴 | S94: =IF(초입!AD94="","",초입!AD94) -> 010-3686-1911 | T94: =IF(초입!AE94="","",초입!AE94) -> 윤세련 | U94: =IF(초입!M94="","",초입!M94) -> 경기도 남양주시 와부읍 덕소로 33, 301-1404
B95: 초입 | C95: =IF(초입!H95<>"","O","") -> O | D95: =IF(초입!I95<>"","O","") | E95: =초입!B95 -> 남양주다산초등학교병설유치원 | F95: =IF(초입!C95="","",초입!C95) -> 특수학급 | G95: =IF(초입!D95="","",초입!D95) -> 3 | H95: =IF(초입!E95="","",초입!E95) -> 이지성 | I95: =IF(초입!F95="","",초입!F95) -> 남 | J95: =IF(초입!G95="","",초입!G95) -> 2020.04.08. | K95: =IF(초입!J95="","",초입!J95) -> 발달지체 | L95: =IF(초입!K95="","",초입!K95) | M95: =IF(초입!L95="","",초입!L95) | N95: =IF(초입!AF95="","","1. "&초입!AF95&IF(초입!AI95<>"",CHAR(10)&"2. "&초입!AI95,"")&IF(초입!AL95<>"",CHAR(10)&"3. "&초입!AL95,"")) | O95: =IF(초입!AG95="","",초입!AG95&IF(초입!AJ95<>"",CHAR(10)&초입!AJ95,"")&IF(초입!AM95<>"",CHAR(10)&초입!AM95,"")) | P95: =IF(초입!AH95="","",초입!AH95&IF(초입!AK95<>"",CHAR(10)&초입!AK95,"")&IF(초입!AN95<>"",CHAR(10)&초입!AN95,"")) | Q95: =IF(초입!AO95="","",초입!AO95) | R95: =IF(초입!AP95="","",초입!AP95) | S95: =IF(초입!AD95="","",초입!AD95) -> 010-8905-4635 | T95: =IF(초입!AE95="","",초입!AE95) -> 이수빈 | U95: =IF(초입!M95="","",초입!M95) -> 경기도 남양주시 다산중앙로 82번길15, 5106동 1201호(다산e편한세상)
B96: 초입 | C96: =IF(초입!H96<>"","O","") -> O | D96: =IF(초입!I96<>"","O","") | E96: =초입!B96 -> 해밀초등학교병설유치원 | F96: =IF(초입!C96="","",초입!C96) -> 특수학급 | G96: =IF(초입!D96="","",초입!D96) -> 3 | H96: =IF(초입!E96="","",초입!E96) -> 김이현 | I96: =IF(초입!F96="","",초입!F96) -> 남 | J96: =IF(초입!G96="","",초입!G96) -> 2020.09.09. | K96: =IF(초입!J96="","",초입!J96) -> 발달지체 | L96: =IF(초입!K96="","",초입!K96) | M96: =IF(초입!L96="","",초입!L96) | N96: =IF(초입!AF96="","","1. "&초입!AF96&IF(초입!AI96<>"",CHAR(10)&"2. "&초입!AI96,"")&IF(초입!AL96<>"",CHAR(10)&"3. "&초입!AL96,"")) | O96: =IF(초입!AG96="","",초입!AG96&IF(초입!AJ96<>"",CHAR(10)&초입!AJ96,"")&IF(초입!AM96<>"",CHAR(10)&초입!AM96,"")) | P96: =IF(초입!AH96="","",초입!AH96&IF(초입!AK96<>"",CHAR(10)&초입!AK96,"")&IF(초입!AN96<>"",CHAR(10)&초입!AN96,"")) | Q96: =IF(초입!AO96="","",초입!AO96) | R96: =IF(초입!AP96="","",초입!AP96) | S96: =IF(초입!AD96="","",초입!AD96) -> 010-6638-5906 | T96: =IF(초입!AE96="","",초입!AE96) -> 장하영 | U96: =IF(초입!M96="","",초입!M96) -> 경기도 남양주시 진접읍 해밀예당3로68, 1907동 101호(금강펜테리움)
B97: 초입 | C97: =IF(초입!H97<>"","O","") -> O | D97: =IF(초입!I97<>"","O","") | E97: =초입!B97 -> 해밀초등학교병설유치원 | F97: =IF(초입!C97="","",초입!C97) -> 특수학급 | G97: =IF(초입!D97="","",초입!D97) -> 3 | H97: =IF(초입!E97="","",초입!E97) -> 장루하 | I97: =IF(초입!F97="","",초입!F97) -> 남 | J97: =IF(초입!G97="","",초입!G97) -> 2020.03.08. | K97: =IF(초입!J97="","",초입!J97) -> 지적장애 (현 발달지체) | L97: =IF(초입!K97="","",초입!K97) -> 지적장애 | M97: =IF(초입!L97="","",초입!L97) -> 심한 | N97: =IF(초입!AF97="","","1. "&초입!AF97&IF(초입!AI97<>"",CHAR(10)&"2. "&초입!AI97,"")&IF(초입!AL97<>"",CHAR(10)&"3. "&초입!AL97,"")) | O97: =IF(초입!AG97="","",초입!AG97&IF(초입!AJ97<>"",CHAR(10)&초입!AJ97,"")&IF(초입!AM97<>"",CHAR(10)&초입!AM97,"")) | P97: =IF(초입!AH97="","",초입!AH97&IF(초입!AK97<>"",CHAR(10)&초입!AK97,"")&IF(초입!AN97<>"",CHAR(10)&초입!AN97,"")) | Q97: =IF(초입!AO97="","",초입!AO97) -> □ 복지카드: 지적장애 중증(~2031.11.27.) | R97: =IF(초입!AP97="","",초입!AP97) -> *장애유형변경(발달>지적) | S97: =IF(초입!AD97="","",초입!AD97) -> 010-8473-8584 | T97: =IF(초입!AE97="","",초입!AE97) -> 장하영 | U97: =IF(초입!M97="","",초입!M97) -> 경기도 남양주시 진접읍 해밀예당1로 51, 1303동 1403호 (자연&어울림아파트)
B98: 초입 | C98: =IF(초입!H98<>"","O","") | D98: =IF(초입!I98<>"","O","") -> O | E98: =초입!B98 -> 다산별빛초등학교병설유치원 | F98: =IF(초입!C98="","",초입!C98) | G98: =IF(초입!D98="","",초입!D98) -> 3 | H98: =IF(초입!E98="","",초입!E98) -> 정인아 | I98: =IF(초입!F98="","",초입!F98) -> 여 | J98: =IF(초입!G98="","",초입!G98) -> 2020.02.06. | K98: =IF(초입!J98="","",초입!J98) -> 청각장애 | L98: =IF(초입!K98="","",초입!K98) -> 청각장애 | M98: =IF(초입!L98="","",초입!L98) -> 경증 | N98: =IF(초입!AF98="","","1. "&초입!AF98&IF(초입!AI98<>"",CHAR(10)&"2. "&초입!AI98,"")&IF(초입!AL98<>"",CHAR(10)&"3. "&초입!AL98,"")) | O98: =IF(초입!AG98="","",초입!AG98&IF(초입!AJ98<>"",CHAR(10)&초입!AJ98,"")&IF(초입!AM98<>"",CHAR(10)&초입!AM98,"")) | P98: =IF(초입!AH98="","",초입!AH98&IF(초입!AK98<>"",CHAR(10)&초입!AK98,"")&IF(초입!AN98<>"",CHAR(10)&초입!AN98,"")) | Q98: =IF(초입!AO98="","",초입!AO98) -> 장애인증명서: 청각장애 심하지않은장애(2026.03.25.등록) | R98: =IF(초입!AP98="","",초입!AP98) | S98: =IF(초입!AD98="","",초입!AD98) | T98: =IF(초입!AE98="","",초입!AE98) | U98: =IF(초입!M98="","",초입!M98) -> 경기도 남양주시 다산중앙로82번안길 74, 6503동 2705호
B99: 초입 | C99: =IF(초입!H99<>"","O","") -> O | D99: =IF(초입!I99<>"","O","") | E99: =초입!B99 -> 호평유치원 | F99: =IF(초입!C99="","",초입!C99) -> 특수학급 | G99: =IF(초입!D99="","",초입!D99) -> 3 | H99: =IF(초입!E99="","",초입!E99) -> 임유진 | I99: =IF(초입!F99="","",초입!F99) -> 남 | J99: =IF(초입!G99="","",초입!G99) -> 2020.04.06. | K99: =IF(초입!J99="","",초입!J99) -> 발달지체 | L99: =IF(초입!K99="","",초입!K99) | M99: =IF(초입!L99="","",초입!L99) | N99: =IF(초입!AF99="","","1. "&초입!AF99&IF(초입!AI99<>"",CHAR(10)&"2. "&초입!AI99,"")&IF(초입!AL99<>"",CHAR(10)&"3. "&초입!AL99,"")) | O99: =IF(초입!AG99="","",초입!AG99&IF(초입!AJ99<>"",CHAR(10)&초입!AJ99,"")&IF(초입!AM99<>"",CHAR(10)&초입!AM99,"")) | P99: =IF(초입!AH99="","",초입!AH99&IF(초입!AK99<>"",CHAR(10)&초입!AK99,"")&IF(초입!AN99<>"",CHAR(10)&초입!AN99,"")) | Q99: =IF(초입!AO99="","",초입!AO99) | R99: =IF(초입!AP99="","",초입!AP99) -> *서식1과 서식2 장애유형 달라. 발달지체/자폐성장애... 확인, 수정필 *구룡초, 판곡초 공동학구임 | S99: =IF(초입!AD99="","",초입!AD99) -> 010-7282-6399 | T99: =IF(초입!AE99="","",초입!AE99) -> 김슬아 | U99: =IF(초입!M99="","",초입!M99) -> 경기도 남양주시 늘을3로 71, 1506동 404호
A100: =SUBTOTAL(103,$N$6:N100) -> 28 | B100: 초입 | C100: =IF(초입!H100<>"","O","") -> O | D100: =IF(초입!I100<>"","O","") | E100: =초입!B100 -> 부평초등학교병설유치원 | F100: =IF(초입!C100="","",초입!C100) -> 특수학급 | G100: =IF(초입!D100="","",초입!D100) -> 3 | H100: =IF(초입!E100="","",초입!E100) -> 오세준 | I100: =IF(초입!F100="","",초입!F100) -> 남 | J100: =IF(초입!G100="","",초입!G100) -> 2020.02.10. | K100: =IF(초입!J100="","",초입!J100) -> 자폐성장애 (현 발달지체) | L100: =IF(초입!K100="","",초입!K100) -> 자폐성장애 | M100: =IF(초입!L100="","",초입!L100) -> 중증 | N100: =IF(초입!AG100="","","1. "&초입!AG100&IF(초입!AJ100<>"",CHAR(10)&"2. "&초입!AJ100,"")&IF(초입!AM100<>"",CHAR(10)&"3. "&초입!AM100,"")) -> 1. 경은학교 2. 복합특수학급신설 | O100: =IF(초입!AF100="","",초입!AF100&IF(초입!AI100<>"",CHAR(10)&초입!AI100,"")&IF(초입!AL100<>"",CHAR(10)&초입!AL100,"")) -> 구리남양주 구리남양주 | P100: =IF(초입!AH100="","",초입!AH100&IF(초입!AK100<>"",CHAR(10)&초입!AK100,"")&IF(초입!AN100<>"",CHAR(10)&초입!AN100,"")) -> 특수학교 특수학급 | Q100: =IF(초입!AO100="","",초입!AO100) -> □ 복지카드: 자폐성장애 중증(~2031.7.1.) | R100: =IF(초입!AP100="","",초입!AP100) -> *2근거리 장승초, 3근거리 광릉초 안내 | S100: =IF(초입!AD100="","",초입!AD100) -> 010-5481-4321 | T100: =IF(초입!AE100="","",초입!AE100) -> 김영미 | U100: =IF(초입!M100="","",초입!M100) -> 경기도 남양주시 진접읍 부평로 48번길 110, 104동1801호 (진접서희스타힐스)
...
