Workbook

Sheet 유입접수대장
A1: 연번 | B1: 소속교 | C1: 학급유형 | D1: 학년 | E1: 성명 | F1: 성별 | G1: 생년월일 | H1: 선정배치 | J1: 장애유형 | M1: 주소 | N1: 최근거리교 | R1: 희망교 | AD1: 연락처 | AF1: 특수학교(경은학교 유치원) | AO1: 검사결과
H2: 기존 | I2: 신규 | J2: 특수교육법 | K2: 장애인복지법 | N2: 학교명 | O2: 배치유형 | P2: 통학방법 | Q2: 거리 | R2: 1희망교 | V2: 2희망교 | Z2: 3희망교 | AF2: 1희망 | AI2: 2희망 | AL2: 3희망
J3: 영역 | K3: 영역 | L3: 정도 | R3: 학교명 | S3: 배치유형 | T3: 통학방법 | U3: 거리 | V3: 학교명 | W3: 배치유형 | X3: 통학방법 | Y3: 거리 | Z3: 학교명 | AA3: 배치유형 | AB3: 통학방법 | AC3: 거리 | AD3: 보호자 | AE3: 담당교사 | AF3: 지역 | AG3: 학교명 | AH3: 학급유형 | AI3: 지역 | AJ3: 학교명 | AK3: 학급유형 | AL3: 지역 | AM3: 학교명 | AN3: 학급유형
A4: 1 | B4: 햇살아래보듬이나눔이어린이집 | D4: 만2세 | E4: 정연우 | F4: 여 | G4: 2023.11.08 | I4: ○ | J4: 청각장애 | K4: 청각장애 | L4: 경증 | M4: 남양주시 다산지금로 146번길67, 다산한강유보라7410동2303호 | N4: 다산한강초병설유 | O4: 특수학급 | P4: 자동차 | Q4: 1.9 | R4: 다산한강초병설유 | S4: 특수학급 | T4: 자동차 | U4: 1.1 | V4: 다산한강유 | W4: 특수학급 | X4: 자동차 | Y4: 1.3 | AD4: 010-3074-0456 | AO4: □복지카드: 청각장애 경증(~2031.11.19.)
A5: 2 | B5: 시립다산자이어린이집 | D5: 만2세 | E5: 김예준 | F5: 남 | G5: 2023.07.12 | I5: ○ | J5: 자폐성장애 | M5: 남양주시 다산중앙로 153, 1505동 2702호 | N5: 다산하늘초병설유 | O5: 일반학급 | P5: 도보 | Q5: 0.63 | R5: 다산하늘초병설유 | S5: 일반학급 | T5: 도보 | U5: 0.63 | V5: 남양주다산초병설유 | W5: 일반학급 | X5: 도보 | Y5: 0.78 | Z5: 다산하늘빛유 | AA5: 일반학급 | AB5: 도보 | AC5: 0.95 | AD5: 010-5113-1325 | AO5: ※2026년 6월 16일 검사 실시 □K-WPPSI-IV: 전체IQ 75(언어이해 99, 시공간 58, 작업기억 67/낮음) □적응행동검사: 표준점수 84(저조한 수준) □사회성숙도: SA 2세 2개월, SQ 74.91(경계선) □CBCL: 문제행동총점 67T(임상범위), 내재화 68T(임상범위), 외현화 57T(정상범위) □K-CARS-Ⅱ(ST): 총점 19.5점(증상이 없거나 최소한의 자폐 관련 행동)
A6: 3 | B6: 다산롯데캐슬어린이집 | D6: 만2세 | E6: 함지호 | F6: 남 | G6: 2023.07.12 | I6: ○ | J6: 자폐성장애 | M6: 남양주시 다산중앙로 146번길 7, 2205동 1102호 | N6: 남양주다산초병설유 | O6: 특수학급 | P6: 도보 | Q6: 0.49 | R6: 남양주다산초병설유 | S6: 특수학급 | T6: 도보 | U6: 0.49 | V6: 다산하늘빛유 | W6: 특수학급 | X6: 도보 | Y6: 0.64 | Z6: 다산하늘초병설유 | AA6: 특수학급 | AB6: 도보 | AC6: 0.842 | AD6: 010-4751-0759 | AO6: ※2026년 6월 16일 검사 실시 □K-WPPSI-IV: 전체IQ 53(언어이해 72, 시공간 52, 작업기억 49/매우 낮음) *GAI 지표점수 55(매우 낮음) □적응행동검사: 표준점수 94(평균 수준) □사회성숙도: SA 3세 3개월, SQ 111.68(평균 이상) □CBCL: 문제행동총점 38T(정상범위), 내재화 44T(정상범위), 외현화 41T(정상범위) □K-CARS-Ⅱ(ST): 총점 26점(증상이 없거나 최소한의 자폐 관련 행동)
A7: 4 | B7: 랄라키즈어린이집 | D7: 2학년 | E7: 엄태윤 | F7: 남 | G7: 2021.09.11 | I7: ○ | J7: 자폐성장애 | M7: 남양주시 별내중앙로10 별내역 아이파크스위트 103동 1606호 | N7: 별가람초병설유 | O7: 특수학급 | P7: 자동차 | Q7: 1.4 | R7: 남양주별빛유 | S7: 특수학급 | T7: 자동차(통학버스) | U7: 2 | V7: 별가람초병설유 | W7: 특수학급 | X7: 자동차 | Y7: 1.4 | Z7: 별가람유 | AA7: 특수학급 | AB7: 자동차 | AC7: 3.2 | AD7: 010-6358-4461 | AO7: ※2026년 6월 17일 검사 실시 □K-WPPSI-IV: 전체IQ 40(언어이해 45, 시공간 46, 유동추론 45, 작업기억 45, 처리속도 45/매우 낮음) *GAI 지표점수 37(매우 낮음) □적응행동검사: 표준점수 70(저조한 수준) □사회성숙도: SA 3세 1개월, SQ 65.68(경도) □CBCL: 문제행동총점 56T(정상범위), 내재화 61T(준임상범위), 외현화 56T(정상범위) □K-CARS-Ⅱ(ST): 총점 34점(경도에서 중등도 수준의 자폐 관련 행동)
A8: 5 | B8: 시립남양주하나어린이집 | D8: 만2세 | E8: 문규빈 | F8: 남 | G8: 2023.04.26 | I8: ○ | J8: 자폐성장애 | M8: 구리시 아차산로 293, 401호 | N8: 교문초병설유 | O8: 특수학급 | P8: 자동차 | Q8: 2.1 | R8: 교문초병설유 | S8: 특수학급 | T8: 자동차 | U8: 2.1 | V8: 인창유 | W8: 특수학급 | X8: 자동차 | Y8: 2.7 | Z8: 구지초병설유 | AA8: 특수학급 | AB8: 자동차 | AC8: 3.9 | AD8: 010-3888-0974 | AO8: ※2026년 7월 1일 검사 실시 □K-WPPSI-IV: 전체IQ 44(언어이해 48, 시공간 58, 작업기억 45/매우 낮음) □적응행동검사: 표준점수 72(저조한 수준) □사회성숙도: SA 1세 10개월, SQ 59.81(경도) □CBCL: 문제행동총점 77T(임상범위), 내재화 71T(임상범위), 외현화 75T(임상범위) □K-CARS-Ⅱ(ST): 총점 35점(경도에서 중등도 수준의 자폐 관련 행동)
A9: 6 | B9: 평내호평어린이집 | D9: 만2세 | E9: 고우리 | F9: 여 | G9: 2023.3.11 | I9: ○ | J9: 자폐성장애 | M9: 평내로145, 이편한세상 105동 1602호 | N9: 평내초병설유치원 | O9: 특수학급 | P9: 도보 | Q9: 0.45 | R9: 평내초병설유 | S9: 특수학급 | T9: 도보 | U9: 0.45 | V9: 신촌초병설유 | W9: 특수학급 | X9: 도보 | Y9: 0.53 | AD9: 010-6744-8917 | AO9: ※2026년 6월 25일 검사 실시 □K-WPPSI-IV: 전체IQ 103(언어이해 111, 시공간 102, 작업기억 73/평균) *GAI 지표점수 108(평균) □적응행동검사: 표준점수 89(평균 수준) □사회성숙도: SA 2세 7개월, SQ 81.23(평균 하) □CBCL: 문제행동총점 61T(준임상범위), 내재화 62T(준임상범위), 외현화 58T(정상범위) □K-CARS-Ⅱ(ST): 총점 30.5점(경도에서 중등도 수준의 자폐 관련 행동) ---- ※진단서(2026.05.12.) □ 소아기 자폐증(임상적 추정)
A10: 7 | B10: 구지초병설유치원 | D10: 1학년 | E10: 박찬미 | F10: 여 | G10: 2022.02.08 | I10: ○ | J10: 발달지체 | M10: 구리시 건원대로 92, 114동 303호 | N10: 구지초병설유 | O10: 특수학급 | P10: 도보 | Q10: 0.48 | R10: 구지초병설유 | S10: 특수학급 | T10: 도보 | U10: 0.48 | V10: 인창유 | W10: 특수학급 | Y10: 2 | Z10: 교문초병설유 | AA10: 특수학급 | AC10: 2.3 | AD10: 010-4735-9054 | AO10: ※2026년 7월 1일 검사 실시 □K-WPPSI-IV: 전체IQ 44(언어이해 50, 시공간 49, 유동추론 57, 작업기억 45, 처리속도 45/매우 낮음) □적응행동검사: 표준점수 73(저조한 수준) □사회성숙도: SA 2세 4개월, SQ 54.50(경도)
A11: 8 | B11: 구지초병설유치원 | D11: 2학년 | E11: 홍시완 | F11: 남 | G11: 2021.04.11 | I11: ○ | J11: 발달지체 | M11: 구리시 건원대로 92, 107동 302호 | N11: 구지초병설유 | O11: 특수학급 | P11: 도보 | Q11: 0.6 | R11: 구지초병설유 | S11: 특수학급 | T11: 도보 | U11: 0.6 | V11: 인창유 | W11: 특수학급 | Y11: 2.9 | Z11: 교문초병설유 | AA11: 특수학급 | AC11: 2.4 | AD11: 010-4510-3393 | AO11: ※2026년 6월 24일 검사 실시 □K-WPPSI-IV: 전체IQ 77(언어이해 71, 시공간 117, 유동추론 93, 작업기억 98, 처리속도 98/낮음) *GAI 지표점수 72(경계선) □적응행동검사: 표준점수 75(저조한 수준) □사회성숙도: SA 4세 0개월, SQ 77.52(경계선)
A12: 9 | B12: 시립남양주하나어린이집 | D12: 1학년 | E12: 이시환 | F12: 남 | G12: 2022.05.06 | I12: ○ | J12: 자폐성장애 | M12: 진접읍 해밀예당 3로 68, 1907동 1302호 | N12: 해밀초병설유 | O12: 특수학급 | P12: 도보 | Q12: 0.39 | R12: 경은학교(유치원) | S12: 특수학교 | V12: 남양주도담유 | W12: 특수학급 | X12: 도보 | Y12: 0.43 | AD12: 010-8894-4528 | AO12: ※2026년 7월 3일 검사 실시 □K-WPPSI-IV: 전체IQ 40(언어이해 45, 시공간 52, 유동추론 45, 작업기억 45, 처리속도 50/매우 낮음) □적응행동검사: 표준점수 61(상당히 저조한 수준) □사회성숙도: SA 1세 9개월, SQ 43.13(중등도) □CBCL: 문제행동총점 90T(임상범위), 내재화 87T(임상범위), 외현화 89T(임상범위) □K-CARS-Ⅱ(ST): 총점 38.5점(중도 수준의 자폐 관련 행동)
A13: 10 | B13: 시립남양주하나어린이집 | D13: 1학년 | E13: 이지환 | F13: 남 | G13: 2022.05.06 | I13: ○ | J13: 자폐성장애 | M13: 진접읍 해밀예당 3로 68, 1907동 1302호 | N13: 해밀초병설유 | O13: 특수학급 | P13: 도보 | Q13: 0.39 | R13: 경은학교(유치원) | S13: 특수학교 | V13: 남양주도담유 | W13: 특수학급 | X13: 도보 | Y13: 0.43 | AD13: 010-8894-4528 | AO13: ※2026년 7월 3일 검사 실시 □K-WPPSI-IV: 전체IQ 40(언어이해 45, 시공간 49, 유동추론 45, 작업기억 45, 처리속도 50/매우 낮음) □적응행동검사: 표준점수 60(상당히 저조한 수준) □사회성숙도: SA 1세 8개월, SQ 40.68(중등도) □CBCL: 문제행동총점 77T(임상범위), 내재화 68T(임상범위), 외현화 70T(임상범위) □K-CARS-Ⅱ(ST): 총점 39.5점(중도 수준의 자폐 관련 행동)
A14: 11 | B14: 큰나무어린이집 | D14: 만2세 | E14: 최은우 | F14: 남 | G14: 2023.01.07 | I14: ○ | J14: 자폐성장애 | M14: 남양주시 다산순환로365, 힐스테이트다산 5205동 102호 | N14: 남양주다산유 | O14: 특수학급 | P14: 도보 | Q14: 0.34 | R14: 남양주다산유 | S14: 특수학급 | T14: 도보 | U14: 0.34 | V14: 다산새봄초병설유 | W14: 특수학급 | X14: 도보 | Y14: 0.53 | Z14: 남양주다산초병설유 | AA14: 특수학급 | AB14: 도보 | AC14: 0.7 | AD14: 010-9656-3431 | AO14: ※심리평가보고서(2026.01.15.) □K-WPPSI-IV: 전체IQ 40(언어이해 48, 시공간 46, 작업기억 45/매우 낮음) □사회성숙도: SA 1세 8개월, SQ 59.6(경도) □CBCL: 문제행동총점 56T(정상범위), 내재화 61T(준임상범위), 외현화 56T(정상범위) □K-CARS-Ⅱ(ST): 총점 30.5점(경도에서 중등도 수준의 자폐 관련 행동) □기타 검사결과: VMI-6 외(세부내역 원본참조) --- ※심리평가보고서(2026.05.09.) □사회성숙도: SA 2세 4개월, SQ 71(경계선) □K-Bayley-Ⅲ: 인지 20개월, 수용언어 16개월, 표현언어 8개월, 소운동 16개월 □K-CDI: 전체 발달연령 2세 0개월(전반적인 발달지연), 사회성, 소근육 운동, 표현언어, 언어이해, 글자, 숫자(지연), 자조행동, 대근육 운동(정상) --- ※심리평가보고서(2025.12.03.) □한국형 Denver Ⅱ: 개인-사회성발달 약 10개월, 미세운동 및 적응발달 약 13개월, 언어발달 약 10개월 (의심스러운 발달) 운동발달 약 33개월(정상발달) --- ※2026년 7월 4일 검사 실시 □적응행동검사: 표준점수 68(상당히 저조한 수준)
AO15: \

Sheet 유입실시검사
A1: 연번 | B1: 소속교 | C1: 학급유형 | D1: 학년 | E1: 성명 | F1: 성별 | G1: 생년월일 | H1: 선정배치 | J1: 장애유형 | M1: 연락처 | O1: 실시검사
H2: 기존 | I2: 신규 | J2: 특수교육법 | K2: 장애인복지법
J3: 영역 | K3: 영역 | L3: 정도 | M3: 보호자 | N3: 담당교사
A4: 1 | B4: 햇살아래보듬이나눔이어린이집 | D4: 만2세 | E4: 정연우 | F4: 여 | G4: 2023.11.08 | I4: ○ | J4: 청각장애 | K4: 청각장애 | L4: 경증 | M4: 010-3074-0456 | O4: 복지카드(청각장애, 경증)
A5: 2 | B5: 시립다산자이어린이집 | D5: 만2세 | E5: 김예준 | F5: 남 | G5: 2023.07.12 | I5: ○ | J5: 자폐성장애 | M5: 010-5113-1325 | O5: 지능검사, 적응행동검사, 사회성숙도검사, CARS, CBCL
A6: 3 | B6: 다산롯데캐슬어린이집 | D6: 만2세 | E6: 함지호 | F6: 남 | G6: 2023.07.12 | I6: ○ | J6: 자폐성장애 | M6: 010-4751-0759 | O6: 지능검사, 적응행동검사, 사회성숙도검사, CARS, CBCL
A7: 4 | B7: 랄라키즈어린이집 | D7: 2학년 | E7: 엄태윤 | F7: 남 | G7: 2021.09.11 | I7: ○ | J7: 자폐성장애 | M7: 010-6358-4461 | O7: 지능검사, 적응행동검사, 사회성숙도검사, CARS, CBCL
A8: 5 | B8: 시립남양주하나어린이집 | D8: 만2세 | E8: 문규빈 | F8: 남 | G8: 2024.04.26 | I8: ○ | J8: 자폐성장애 | M8: 010-3888-9974 | O8: 지능검사, 적응행동검사, 사회성숙도검사, CARS, CBCL
A9: 6 | B9: 평내호평어린이집 | D9: 만2세 | E9: 고우리 | F9: 여 | G9: 2023.3.11 | I9: ○ | J9: 자폐성장애 | M9: 010-6744-8917 | O9: 지능검사, 적응행동검사, 사회성숙도검사, CARS, CBCL
A10: 7 | B10: 구지초병설유치원 | D10: 1학년 | E10: 박찬미 | F10: 여 | G10: 2022.02.08 | I10: ○ | J10: 발달지체 | M10: 010-4735-9054 | O10: 지능검사 , 사회성숙도검사, 적응행동검사
A11: 8 | B11: 구지초병설유치원 | D11: 2학년 | E11: 홍시완 | F11: 남 | G11: 2021.04.11 | I11: ○ | J11: 발달지체 | M11: 010-4510-3393 | O11: 지능검사 , 사회성숙도검사, 적응행동검사
A12: 9 | B12: 시립남양주하나어린이집 | D12: 1학년 | E12: 이시환 | F12: 남 | G12: 2022.05.06 | I12: ○ | J12: 자폐성장애 | M12: 010-8894-4528 | O12: 지능검사, 적응행동검사, 사회성숙도검사, CARS, CBCL
A13: 10 | B13: 시립남양주하나어린이집 | D13: 1학년 | E13: 이지환 | F13: 남 | G13: 2022.05.06 | I13: ○ | J13: 자폐성장애 | M13: 010-8894-4528 | O13: 지능검사, 적응행동검사, 사회성숙도검사, CARS, CBCL
A14: 11 | B14: 큰나무어린이집 | D14: 만2세 | E14: 최은우 | F14: 남 | G14: 2023.01.07 | I14: ○ | J14: 자폐성장애 | M14: 010-9656-3431 | O14: 지능검사(K-WIPPSI-4), (실시항목) 적응행동검사, 사회성숙도검사, CARS, CBCL *2026.01.15 심리평가보고서 - 지능검사, 사회성숙도검사(SQ59.6), CARS,CBCL *2026.05.09.언어전반진단검사- 사회성숙도 SQ 70

Sheet 유입(양식변환)
A1: 연번 | B1: 구분 | C1: 선정배치 | E1: 소속교 | F1: 학급유형 | G1: 학년 | H1: 성명 | I1: 성별 | J1: 생년월일 | K1: 장애유형(유형변경 고려 필요) | N1: 최근거리교 | R1: 희망교 | V1: 검사결과 | W1: 연락처 | Y1: 주소
C2: 기존 | D2: 신규 | K2: 특수교육법 | L2: 장애인복지법 | N2: 학교명 | O2: 배치유형 | P2: 통학방법 | Q2: 거리(km) | R2: 학교명 | S2: 배치유형 | T2: 통학방법 | U2: 거리(km)
K3: 영역 | L3: 영역 | M3: 정도 | W3: 보호자 | X3: 담당교사
A4: =유입접수대장!A4 -> 1 | B4: 유입 | C4: =IF(유입접수대장!H4<>"","O","") | D4: =IF(유입접수대장!I4<>"","O","") -> O | E4: =유입접수대장!B4 -> 햇살아래보듬이나눔이어린이집 | F4: =IF(유입접수대장!C4="","",유입접수대장!C4) | G4: =IF(유입접수대장!D4="","",유입접수대장!D4) -> 만2세 | H4: =IF(유입접수대장!E4="","",유입접수대장!E4) -> 정연우 | I4: =IF(유입접수대장!F4="","",유입접수대장!F4) -> 여 | J4: =IF(유입접수대장!G4="","",유입접수대장!G4) -> 2023.11.08 | K4: =IF(유입접수대장!J4="","",유입접수대장!J4) -> 청각장애 | L4: =IF(유입접수대장!K4="","",유입접수대장!K4) -> 청각장애 | M4: =IF(유입접수대장!L4="","",유입접수대장!L4) -> 경증 | N4: =IF(유입접수대장!N4="","",유입접수대장!N4) -> 다산한강초병설유 | O4: =IF(유입접수대장!O4="","",유입접수대장!O4) -> 특수학급 | P4: =IF(유입접수대장!P4="","",유입접수대장!P4) -> 자동차 | Q4: =IF(유입접수대장!Q4="","",유입접수대장!Q4) -> 1.9 | R4: =IF(유입접수대장!R4="","","1. "&유입접수대장!R4&IF(유입접수대장!V4<>"",CHAR(10)&"2. "&유입접수대장!V4,"")&IF(유입접수대장!Z4<>"",CHAR(10)&"3. "&유입접수대장!Z4,"")) -> 1. 다산한강초병설유 2. 다산한강유 | S4: =IF(유입접수대장!S4="","",유입접수대장!S4&IF(유입접수대장!W4<>"",CHAR(10)&유입접수대장!W4,"")&IF(유입접수대장!AA4<>"",CHAR(10)&유입접수대장!AA4,"")) -> 특수학급 특수학급 | T4: =IF(유입접수대장!T4="","",유입접수대장!T4&IF(유입접수대장!X4<>"",CHAR(10)&유입접수대장!X4,"")&IF(유입접수대장!AB4<>"",CHAR(10)&유입접수대장!AB4,"")) -> 자동차 자동차 | U4: =IF(유입접수대장!U4="","",유입접수대장!U4&IF(유입접수대장!Y4<>"",CHAR(10)&유입접수대장!Y4,"")&IF(유입접수대장!AC4<>"",CHAR(10)&유입접수대장!AC4,"")) -> 1.1 1.3 | V4: =IF(유입접수대장!AO4="","",유입접수대장!AO4) -> □복지카드: 청각장애 경증(~2031.11.19.) | W4: =IF(유입접수대장!AD4="","",유입접수대장!AD4) -> 010-3074-0456 | X4: =IF(유입접수대장!AE4="","",유입접수대장!AE4) | Y4: =IF(유입접수대장!M4="","",유입접수대장!M4) -> 남양주시 다산지금로 146번길67, 다산한강유보라7410동2303호
A5: =유입접수대장!A5 -> 2 | B5: 유입 | C5: =IF(유입접수대장!H5<>"","O","") | D5: =IF(유입접수대장!I5<>"","O","") -> O | E5: =유입접수대장!B5 -> 시립다산자이어린이집 | F5: =IF(유입접수대장!C5="","",유입접수대장!C5) | G5: =IF(유입접수대장!D5="","",유입접수대장!D5) -> 만2세 | H5: =IF(유입접수대장!E5="","",유입접수대장!E5) -> 김예준 | I5: =IF(유입접수대장!F5="","",유입접수대장!F5) -> 남 | J5: =IF(유입접수대장!G5="","",유입접수대장!G5) -> 2023.07.12 | K5: =IF(유입접수대장!J5="","",유입접수대장!J5) -> 자폐성장애 | L5: =IF(유입접수대장!K5="","",유입접수대장!K5) | M5: =IF(유입접수대장!L5="","",유입접수대장!L5) | N5: =IF(유입접수대장!N5="","",유입접수대장!N5) -> 다산하늘초병설유 | O5: =IF(유입접수대장!O5="","",유입접수대장!O5) -> 일반학급 | P5: =IF(유입접수대장!P5="","",유입접수대장!P5) -> 도보 | Q5: =IF(유입접수대장!Q5="","",유입접수대장!Q5) -> 0.63 | R5: =IF(유입접수대장!R5="","","1. "&유입접수대장!R5&IF(유입접수대장!V5<>"",CHAR(10)&"2. "&유입접수대장!V5,"")&IF(유입접수대장!Z5<>"",CHAR(10)&"3. "&유입접수대장!Z5,"")) -> 1. 다산하늘초병설유 2. 남양주다산초병설유 3. 다산하늘빛유 | S5: =IF(유입접수대장!S5="","",유입접수대장!S5&IF(유입접수대장!W5<>"",CHAR(10)&유입접수대장!W5,"")&IF(유입접수대장!AA5<>"",CHAR(10)&유입접수대장!AA5,"")) -> 일반학급 일반학급 일반학급 | T5: =IF(유입접수대장!T5="","",유입접수대장!T5&IF(유입접수대장!X5<>"",CHAR(10)&유입접수대장!X5,"")&IF(유입접수대장!AB5<>"",CHAR(10)&유입접수대장!AB5,"")) -> 도보 도보 도보 | U5: =IF(유입접수대장!U5="","",유입접수대장!U5&IF(유입접수대장!Y5<>"",CHAR(10)&유입접수대장!Y5,"")&IF(유입접수대장!AC5<>"",CHAR(10)&유입접수대장!AC5,"")) -> 0.63 0.78 0.95 | V5: =IF(유입접수대장!AO5="","",유입접수대장!AO5) -> ※2026년 6월 16일 검사 실시 □K-WPPSI-IV: 전체IQ 75(언어이해 99, 시공간 58, 작업기억 67/낮음) □적응행동검사: 표준점수 84(저조한 수준) □사회성숙도: SA 2세 2개월, SQ 74.91(경계선) □CBCL: 문제행동총점 67T(임상범위), 내재화 68T(임상범위), 외현화 57T(정상범위) □K-CARS-Ⅱ(ST): 총점 19.5점(증상이 없거나 최소한의 자폐 관련 행동) | W5: =IF(유입접수대장!AD5="","",유입접수대장!AD5) -> 010-5113-1325 | X5: =IF(유입접수대장!AE5="","",유입접수대장!AE5) | Y5: =IF(유입접수대장!M5="","",유입접수대장!M5) -> 남양주시 다산중앙로 153, 1505동 2702호
A6: =유입접수대장!A6 -> 3 | B6: 유입 | C6: =IF(유입접수대장!H6<>"","O","") | D6: =IF(유입접수대장!I6<>"","O","") -> O | E6: =유입접수대장!B6 -> 다산롯데캐슬어린이집 | F6: =IF(유입접수대장!C6="","",유입접수대장!C6) | G6: =IF(유입접수대장!D6="","",유입접수대장!D6) -> 만2세 | H6: =IF(유입접수대장!E6="","",유입접수대장!E6) -> 함지호 | I6: =IF(유입접수대장!F6="","",유입접수대장!F6) -> 남 | J6: =IF(유입접수대장!G6="","",유입접수대장!G6) -> 2023.07.12 | K6: =IF(유입접수대장!J6="","",유입접수대장!J6) -> 자폐성장애 | L6: =IF(유입접수대장!K6="","",유입접수대장!K6) | M6: =IF(유입접수대장!L6="","",유입접수대장!L6) | N6: =IF(유입접수대장!N6="","",유입접수대장!N6) -> 남양주다산초병설유 | O6: =IF(유입접수대장!O6="","",유입접수대장!O6) -> 특수학급 | P6: =IF(유입접수대장!P6="","",유입접수대장!P6) -> 도보 | Q6: =IF(유입접수대장!Q6="","",유입접수대장!Q6) -> 0.49 | R6: =IF(유입접수대장!R6="","","1. "&유입접수대장!R6&IF(유입접수대장!V6<>"",CHAR(10)&"2. "&유입접수대장!V6,"")&IF(유입접수대장!Z6<>"",CHAR(10)&"3. "&유입접수대장!Z6,"")) -> 1. 남양주다산초병설유 2. 다산하늘빛유 3. 다산하늘초병설유 | S6: =IF(유입접수대장!S6="","",유입접수대장!S6&IF(유입접수대장!W6<>"",CHAR(10)&유입접수대장!W6,"")&IF(유입접수대장!AA6<>"",CHAR(10)&유입접수대장!AA6,"")) -> 특수학급 특수학급 특수학급 | T6: =IF(유입접수대장!T6="","",유입접수대장!T6&IF(유입접수대장!X6<>"",CHAR(10)&유입접수대장!X6,"")&IF(유입접수대장!AB6<>"",CHAR(10)&유입접수대장!AB6,"")) -> 도보 도보 도보 | U6: =IF(유입접수대장!U6="","",유입접수대장!U6&IF(유입접수대장!Y6<>"",CHAR(10)&유입접수대장!Y6,"")&IF(유입접수대장!AC6<>"",CHAR(10)&유입접수대장!AC6,"")) -> 0.49 0.64 0.842 | V6: =IF(유입접수대장!AO6="","",유입접수대장!AO6) -> ※2026년 6월 16일 검사 실시 □K-WPPSI-IV: 전체IQ 53(언어이해 72, 시공간 52, 작업기억 49/매우 낮음) *GAI 지표점수 55(매우 낮음) □적응행동검사: 표준점수 94(평균 수준) □사회성숙도: SA 3세 3개월, SQ 111.68(평균 이상) □CBCL: 문제행동총점 38T(정상범위), 내재화 44T(정상범위), 외현화 41T(정상범위) □K-CARS-Ⅱ(ST): 총점 26점(증상이 없거나 최소한의 자폐 관련 행동) | W6: =IF(유입접수대장!AD6="","",유입접수대장!AD6) -> 010-4751-0759 | X6: =IF(유입접수대장!AE6="","",유입접수대장!AE6) | Y6: =IF(유입접수대장!M6="","",유입접수대장!M6) -> 남양주시 다산중앙로 146번길 7, 2205동 1102호
A7: =유입접수대장!A7 -> 4 | B7: 유입 | C7: =IF(유입접수대장!H7<>"","O","") | D7: =IF(유입접수대장!I7<>"","O","") -> O | E7: =유입접수대장!B7 -> 랄라키즈어린이집 | F7: =IF(유입접수대장!C7="","",유입접수대장!C7) | G7: =IF(유입접수대장!D7="","",유입접수대장!D7) -> 2학년 | H7: =IF(유입접수대장!E7="","",유입접수대장!E7) -> 엄태윤 | I7: =IF(유입접수대장!F7="","",유입접수대장!F7) -> 남 | J7: =IF(유입접수대장!G7="","",유입접수대장!G7) -> 2021.09.11 | K7: =IF(유입접수대장!J7="","",유입접수대장!J7) -> 자폐성장애 | L7: =IF(유입접수대장!K7="","",유입접수대장!K7) | M7: =IF(유입접수대장!L7="","",유입접수대장!L7) | N7: =IF(유입접수대장!N7="","",유입접수대장!N7) -> 별가람초병설유 | O7: =IF(유입접수대장!O7="","",유입접수대장!O7) -> 특수학급 | P7: =IF(유입접수대장!P7="","",유입접수대장!P7) -> 자동차 | Q7: =IF(유입접수대장!Q7="","",유입접수대장!Q7) -> 1.4 | R7: =IF(유입접수대장!R7="","","1. "&유입접수대장!R7&IF(유입접수대장!V7<>"",CHAR(10)&"2. "&유입접수대장!V7,"")&IF(유입접수대장!Z7<>"",CHAR(10)&"3. "&유입접수대장!Z7,"")) -> 1. 남양주별빛유 2. 별가람초병설유 3. 별가람유 | S7: =IF(유입접수대장!S7="","",유입접수대장!S7&IF(유입접수대장!W7<>"",CHAR(10)&유입접수대장!W7,"")&IF(유입접수대장!AA7<>"",CHAR(10)&유입접수대장!AA7,"")) -> 특수학급 특수학급 특수학급 | T7: =IF(유입접수대장!T7="","",유입접수대장!T7&IF(유입접수대장!X7<>"",CHAR(10)&유입접수대장!X7,"")&IF(유입접수대장!AB7<>"",CHAR(10)&유입접수대장!AB7,"")) -> 자동차(통학버스) 자동차 자동차 | U7: =IF(유입접수대장!U7="","",유입접수대장!U7&IF(유입접수대장!Y7<>"",CHAR(10)&유입접수대장!Y7,"")&IF(유입접수대장!AC7<>"",CHAR(10)&유입접수대장!AC7,"")) -> 2 1.4 3.2 | V7: =IF(유입접수대장!AO7="","",유입접수대장!AO7) -> ※2026년 6월 17일 검사 실시 □K-WPPSI-IV: 전체IQ 40(언어이해 45, 시공간 46, 유동추론 45, 작업기억 45, 처리속도 45/매우 낮음) *GAI 지표점수 37(매우 낮음) □적응행동검사: 표준점수 70(저조한 수준) □사회성숙도: SA 3세 1개월, SQ 65.68(경도) □CBCL: 문제행동총점 56T(정상범위), 내재화 61T(준임상범위), 외현화 56T(정상범위) □K-CARS-Ⅱ(ST): 총점 34점(경도에서 중등도 수준의 자폐 관련 행동) | W7: =IF(유입접수대장!AD7="","",유입접수대장!AD7) -> 010-6358-4461 | X7: =IF(유입접수대장!AE7="","",유입접수대장!AE7) | Y7: =IF(유입접수대장!M7="","",유입접수대장!M7) -> 남양주시 별내중앙로10 별내역 아이파크스위트 103동 1606호
A8: =유입접수대장!A8 -> 5 | B8: 유입 | C8: =IF(유입접수대장!H8<>"","O","") | D8: =IF(유입접수대장!I8<>"","O","") -> O | E8: =유입접수대장!B8 -> 시립남양주하나어린이집 | F8: =IF(유입접수대장!C8="","",유입접수대장!C8) | G8: =IF(유입접수대장!D8="","",유입접수대장!D8) -> 만2세 | H8: =IF(유입접수대장!E8="","",유입접수대장!E8) -> 문규빈 | I8: =IF(유입접수대장!F8="","",유입접수대장!F8) -> 남 | J8: =IF(유입접수대장!G8="","",유입접수대장!G8) -> 2023.04.26 | K8: =IF(유입접수대장!J8="","",유입접수대장!J8) -> 자폐성장애 | L8: =IF(유입접수대장!K8="","",유입접수대장!K8) | M8: =IF(유입접수대장!L8="","",유입접수대장!L8) | N8: =IF(유입접수대장!N8="","",유입접수대장!N8) -> 교문초병설유 | O8: =IF(유입접수대장!O8="","",유입접수대장!O8) -> 특수학급 | P8: =IF(유입접수대장!P8="","",유입접수대장!P8) -> 자동차 | Q8: =IF(유입접수대장!Q8="","",유입접수대장!Q8) -> 2.1 | R8: =IF(유입접수대장!R8="","","1. "&유입접수대장!R8&IF(유입접수대장!V8<>"",CHAR(10)&"2. "&유입접수대장!V8,"")&IF(유입접수대장!Z8<>"",CHAR(10)&"3. "&유입접수대장!Z8,"")) -> 1. 교문초병설유 2. 인창유 3. 구지초병설유 | S8: =IF(유입접수대장!S8="","",유입접수대장!S8&IF(유입접수대장!W8<>"",CHAR(10)&유입접수대장!W8,"")&IF(유입접수대장!AA8<>"",CHAR(10)&유입접수대장!AA8,"")) -> 특수학급 특수학급 특수학급 | T8: =IF(유입접수대장!T8="","",유입접수대장!T8&IF(유입접수대장!X8<>"",CHAR(10)&유입접수대장!X8,"")&IF(유입접수대장!AB8<>"",CHAR(10)&유입접수대장!AB8,"")) -> 자동차 자동차 자동차 | U8: =IF(유입접수대장!U8="","",유입접수대장!U8&IF(유입접수대장!Y8<>"",CHAR(10)&유입접수대장!Y8,"")&IF(유입접수대장!AC8<>"",CHAR(10)&유입접수대장!AC8,"")) -> 2.1 2.7 3.9 | V8: =IF(유입접수대장!AO8="","",유입접수대장!AO8) -> ※2026년 7월 1일 검사 실시 □K-WPPSI-IV: 전체IQ 44(언어이해 48, 시공간 58, 작업기억 45/매우 낮음) □적응행동검사: 표준점수 72(저조한 수준) □사회성숙도: SA 1세 10개월, SQ 59.81(경도) □CBCL: 문제행동총점 77T(임상범위), 내재화 71T(임상범위), 외현화 75T(임상범위) □K-CARS-Ⅱ(ST): 총점 35점(경도에서 중등도 수준의 자폐 관련 행동) | W8: =IF(유입접수대장!AD8="","",유입접수대장!AD8) -> 010-3888-0974 | X8: =IF(유입접수대장!AE8="","",유입접수대장!AE8) | Y8: =IF(유입접수대장!M8="","",유입접수대장!M8) -> 구리시 아차산로 293, 401호
A9: =유입접수대장!A9 -> 6 | B9: 유입 | C9: =IF(유입접수대장!H9<>"","O","") | D9: =IF(유입접수대장!I9<>"","O","") -> O | E9: =유입접수대장!B9 -> 평내호평어린이집 | F9: =IF(유입접수대장!C9="","",유입접수대장!C9) | G9: =IF(유입접수대장!D9="","",유입접수대장!D9) -> 만2세 | H9: =IF(유입접수대장!E9="","",유입접수대장!E9) -> 고우리 | I9: =IF(유입접수대장!F9="","",유입접수대장!F9) -> 여 | J9: =IF(유입접수대장!G9="","",유입접수대장!G9) -> 2023.3.11 | K9: =IF(유입접수대장!J9="","",유입접수대장!J9) -> 자폐성장애 | L9: =IF(유입접수대장!K9="","",유입접수대장!K9) | M9: =IF(유입접수대장!L9="","",유입접수대장!L9) | N9: =IF(유입접수대장!N9="","",유입접수대장!N9) -> 평내초병설유치원 | O9: =IF(유입접수대장!O9="","",유입접수대장!O9) -> 특수학급 | P9: =IF(유입접수대장!P9="","",유입접수대장!P9) -> 도보 | Q9: =IF(유입접수대장!Q9="","",유입접수대장!Q9) -> 0.45 | R9: =IF(유입접수대장!R9="","","1. "&유입접수대장!R9&IF(유입접수대장!V9<>"",CHAR(10)&"2. "&유입접수대장!V9,"")&IF(유입접수대장!Z9<>"",CHAR(10)&"3. "&유입접수대장!Z9,"")) -> 1. 평내초병설유 2. 신촌초병설유 | S9: =IF(유입접수대장!S9="","",유입접수대장!S9&IF(유입접수대장!W9<>"",CHAR(10)&유입접수대장!W9,"")&IF(유입접수대장!AA9<>"",CHAR(10)&유입접수대장!AA9,"")) -> 특수학급 특수학급 | T9: =IF(유입접수대장!T9="","",유입접수대장!T9&IF(유입접수대장!X9<>"",CHAR(10)&유입접수대장!X9,"")&IF(유입접수대장!AB9<>"",CHAR(10)&유입접수대장!AB9,"")) -> 도보 도보 | U9: =IF(유입접수대장!U9="","",유입접수대장!U9&IF(유입접수대장!Y9<>"",CHAR(10)&유입접수대장!Y9,"")&IF(유입접수대장!AC9<>"",CHAR(10)&유입접수대장!AC9,"")) -> 0.45 0.53 | V9: =IF(유입접수대장!AO9="","",유입접수대장!AO9) -> ※2026년 6월 25일 검사 실시 □K-WPPSI-IV: 전체IQ 103(언어이해 111, 시공간 102, 작업기억 73/평균) *GAI 지표점수 108(평균) □적응행동검사: 표준점수 89(평균 수준) □사회성숙도: SA 2세 7개월, SQ 81.23(평균 하) □CBCL: 문제행동총점 61T(준임상범위), 내재화 62T(준임상범위), 외현화 58T(정상범위) □K-CARS-Ⅱ(ST): 총점 30.5점(경도에서 중등도 수준의 자폐 관련 행동) ---- ※진단서(2026.05.12.) □ 소아기 자폐증(임상적 추정) | W9: =IF(유입접수대장!AD9="","",유입접수대장!AD9) -> 010-6744-8917 | X9: =IF(유입접수대장!AE9="","",유입접수대장!AE9) | Y9: =IF(유입접수대장!M9="","",유입접수대장!M9) -> 평내로145, 이편한세상 105동 1602호
A10: =유입접수대장!A10 -> 7 | B10: 유입 | C10: =IF(유입접수대장!H10<>"","O","") | D10: =IF(유입접수대장!I10<>"","O","") -> O | E10: =유입접수대장!B10 -> 구지초병설유치원 | F10: =IF(유입접수대장!C10="","",유입접수대장!C10) | G10: =IF(유입접수대장!D10="","",유입접수대장!D10) -> 1학년 | H10: =IF(유입접수대장!E10="","",유입접수대장!E10) -> 박찬미 | I10: =IF(유입접수대장!F10="","",유입접수대장!F10) -> 여 | J10: =IF(유입접수대장!G10="","",유입접수대장!G10) -> 2022.02.08 | K10: =IF(유입접수대장!J10="","",유입접수대장!J10) -> 발달지체 | L10: =IF(유입접수대장!K10="","",유입접수대장!K10) | M10: =IF(유입접수대장!L10="","",유입접수대장!L10) | N10: =IF(유입접수대장!N10="","",유입접수대장!N10) -> 구지초병설유 | O10: =IF(유입접수대장!O10="","",유입접수대장!O10) -> 특수학급 | P10: =IF(유입접수대장!P10="","",유입접수대장!P10) -> 도보 | Q10: =IF(유입접수대장!Q10="","",유입접수대장!Q10) -> 0.48 | R10: =IF(유입접수대장!R10="","","1. "&유입접수대장!R10&IF(유입접수대장!V10<>"",CHAR(10)&"2. "&유입접수대장!V10,"")&IF(유입접수대장!Z10<>"",CHAR(10)&"3. "&유입접수대장!Z10,"")) -> 1. 구지초병설유 2. 인창유 3. 교문초병설유 | S10: =IF(유입접수대장!S10="","",유입접수대장!S10&IF(유입접수대장!W10<>"",CHAR(10)&유입접수대장!W10,"")&IF(유입접수대장!AA10<>"",CHAR(10)&유입접수대장!AA10,"")) -> 특수학급 특수학급 특수학급 | T10: =IF(유입접수대장!T10="","",유입접수대장!T10&IF(유입접수대장!X10<>"",CHAR(10)&유입접수대장!X10,"")&IF(유입접수대장!AB10<>"",CHAR(10)&유입접수대장!AB10,"")) -> 도보 | U10: =IF(유입접수대장!U10="","",유입접수대장!U10&IF(유입접수대장!Y10<>"",CHAR(10)&유입접수대장!Y10,"")&IF(유입접수대장!AC10<>"",CHAR(10)&유입접수대장!AC10,"")) -> 0.48 2 2.3 | V10: =IF(유입접수대장!AO10="","",유입접수대장!AO10) -> ※2026년 7월 1일 검사 실시 □K-WPPSI-IV: 전체IQ 44(언어이해 50, 시공간 49, 유동추론 57, 작업기억 45, 처리속도 45/매우 낮음) □적응행동검사: 표준점수 73(저조한 수준) □사회성숙도: SA 2세 4개월, SQ 54.50(경도) | W10: =IF(유입접수대장!AD10="","",유입접수대장!AD10) -> 010-4735-9054 | X10: =IF(유입접수대장!AE10="","",유입접수대장!AE10) | Y10: =IF(유입접수대장!M10="","",유입접수대장!M10) -> 구리시 건원대로 92, 114동 303호
A11: =유입접수대장!A11 -> 8 | B11: 유입 | C11: =IF(유입접수대장!H11<>"","O","") | D11: =IF(유입접수대장!I11<>"","O","") -> O | E11: =유입접수대장!B11 -> 구지초병설유치원 | F11: =IF(유입접수대장!C11="","",유입접수대장!C11) | G11: =IF(유입접수대장!D11="","",유입접수대장!D11) -> 2학년 | H11: =IF(유입접수대장!E11="","",유입접수대장!E11) -> 홍시완 | I11: =IF(유입접수대장!F11="","",유입접수대장!F11) -> 남 | J11: =IF(유입접수대장!G11="","",유입접수대장!G11) -> 2021.04.11 | K11: =IF(유입접수대장!J11="","",유입접수대장!J11) -> 발달지체 | L11: =IF(유입접수대장!K11="","",유입접수대장!K11) | M11: =IF(유입접수대장!L11="","",유입접수대장!L11) | N11: =IF(유입접수대장!N11="","",유입접수대장!N11) -> 구지초병설유 | O11: =IF(유입접수대장!O11="","",유입접수대장!O11) -> 특수학급 | P11: =IF(유입접수대장!P11="","",유입접수대장!P11) -> 도보 | Q11: =IF(유입접수대장!Q11="","",유입접수대장!Q11) -> 0.6 | R11: =IF(유입접수대장!R11="","","1. "&유입접수대장!R11&IF(유입접수대장!V11<>"",CHAR(10)&"2. "&유입접수대장!V11,"")&IF(유입접수대장!Z11<>"",CHAR(10)&"3. "&유입접수대장!Z11,"")) -> 1. 구지초병설유 2. 인창유 3. 교문초병설유 | S11: =IF(유입접수대장!S11="","",유입접수대장!S11&IF(유입접수대장!W11<>"",CHAR(10)&유입접수대장!W11,"")&IF(유입접수대장!AA11<>"",CHAR(10)&유입접수대장!AA11,"")) -> 특수학급 특수학급 특수학급 | T11: =IF(유입접수대장!T11="","",유입접수대장!T11&IF(유입접수대장!X11<>"",CHAR(10)&유입접수대장!X11,"")&IF(유입접수대장!AB11<>"",CHAR(10)&유입접수대장!AB11,"")) -> 도보 | U11: =IF(유입접수대장!U11="","",유입접수대장!U11&IF(유입접수대장!Y11<>"",CHAR(10)&유입접수대장!Y11,"")&IF(유입접수대장!AC11<>"",CHAR(10)&유입접수대장!AC11,"")) -> 0.6 2.9 2.4 | V11: =IF(유입접수대장!AO11="","",유입접수대장!AO11) -> ※2026년 6월 24일 검사 실시 □K-WPPSI-IV: 전체IQ 77(언어이해 71, 시공간 117, 유동추론 93, 작업기억 98, 처리속도 98/낮음) *GAI 지표점수 72(경계선) □적응행동검사: 표준점수 75(저조한 수준) □사회성숙도: SA 4세 0개월, SQ 77.52(경계선) | W11: =IF(유입접수대장!AD11="","",유입접수대장!AD11) -> 010-4510-3393 | X11: =IF(유입접수대장!AE11="","",유입접수대장!AE11) | Y11: =IF(유입접수대장!M11="","",유입접수대장!M11) -> 구리시 건원대로 92, 107동 302호
A12: =유입접수대장!A12 -> 9 | B12: 유입 | C12: =IF(유입접수대장!H12<>"","O","") | D12: =IF(유입접수대장!I12<>"","O","") -> O | E12: =유입접수대장!B12 -> 시립남양주하나어린이집 | F12: =IF(유입접수대장!C12="","",유입접수대장!C12) | G12: =IF(유입접수대장!D12="","",유입접수대장!D12) -> 1학년 | H12: =IF(유입접수대장!E12="","",유입접수대장!E12) -> 이시환 | I12: =IF(유입접수대장!F12="","",유입접수대장!F12) -> 남 | J12: =IF(유입접수대장!G12="","",유입접수대장!G12) -> 2022.05.06 | K12: =IF(유입접수대장!J12="","",유입접수대장!J12) -> 자폐성장애 | L12: =IF(유입접수대장!K12="","",유입접수대장!K12) | M12: =IF(유입접수대장!L12="","",유입접수대장!L12) | N12: =IF(유입접수대장!N12="","",유입접수대장!N12) -> 해밀초병설유 | O12: =IF(유입접수대장!O12="","",유입접수대장!O12) -> 특수학급 | P12: =IF(유입접수대장!P12="","",유입접수대장!P12) -> 도보 | Q12: =IF(유입접수대장!Q12="","",유입접수대장!Q12) -> 0.39 | R12: =IF(유입접수대장!R12="","","1. "&유입접수대장!R12&IF(유입접수대장!V12<>"",CHAR(10)&"2. "&유입접수대장!V12,"")&IF(유입접수대장!Z12<>"",CHAR(10)&"3. "&유입접수대장!Z12,"")) -> 1. 경은학교(유치원) 2. 남양주도담유 | S12: =IF(유입접수대장!S12="","",유입접수대장!S12&IF(유입접수대장!W12<>"",CHAR(10)&유입접수대장!W12,"")&IF(유입접수대장!AA12<>"",CHAR(10)&유입접수대장!AA12,"")) -> 특수학교 특수학급 | T12: =IF(유입접수대장!T12="","",유입접수대장!T12&IF(유입접수대장!X12<>"",CHAR(10)&유입접수대장!X12,"")&IF(유입접수대장!AB12<>"",CHAR(10)&유입접수대장!AB12,"")) | U12: =IF(유입접수대장!U12="","",유입접수대장!U12&IF(유입접수대장!Y12<>"",CHAR(10)&유입접수대장!Y12,"")&IF(유입접수대장!AC12<>"",CHAR(10)&유입접수대장!AC12,"")) | V12: =IF(유입접수대장!AO12="","",유입접수대장!AO12) -> ※2026년 7월 3일 검사 실시 □K-WPPSI-IV: 전체IQ 40(언어이해 45, 시공간 52, 유동추론 45, 작업기억 45, 처리속도 50/매우 낮음) □적응행동검사: 표준점수 61(상당히 저조한 수준) □사회성숙도: SA 1세 9개월, SQ 43.13(중등도) □CBCL: 문제행동총점 90T(임상범위), 내재화 87T(임상범위), 외현화 89T(임상범위) □K-CARS-Ⅱ(ST): 총점 38.5점(중도 수준의 자폐 관련 행동) | W12: =IF(유입접수대장!AD12="","",유입접수대장!AD12) -> 010-8894-4528 | X12: =IF(유입접수대장!AE12="","",유입접수대장!AE12) | Y12: =IF(유입접수대장!M12="","",유입접수대장!M12) -> 진접읍 해밀예당 3로 68, 1907동 1302호
A13: =유입접수대장!A13 -> 10 | B13: 유입 | C13: =IF(유입접수대장!H13<>"","O","") | D13: =IF(유입접수대장!I13<>"","O","") -> O | E13: =유입접수대장!B13 -> 시립남양주하나어린이집 | F13: =IF(유입접수대장!C13="","",유입접수대장!C13) | G13: =IF(유입접수대장!D13="","",유입접수대장!D13) -> 1학년 | H13: =IF(유입접수대장!E13="","",유입접수대장!E13) -> 이지환 | I13: =IF(유입접수대장!F13="","",유입접수대장!F13) -> 남 | J13: =IF(유입접수대장!G13="","",유입접수대장!G13) -> 2022.05.06 | K13: =IF(유입접수대장!J13="","",유입접수대장!J13) -> 자폐성장애 | L13: =IF(유입접수대장!K13="","",유입접수대장!K13) | M13: =IF(유입접수대장!L13="","",유입접수대장!L13) | N13: =IF(유입접수대장!N13="","",유입접수대장!N13) -> 해밀초병설유 | O13: =IF(유입접수대장!O13="","",유입접수대장!O13) -> 특수학급 | P13: =IF(유입접수대장!P13="","",유입접수대장!P13) -> 도보 | Q13: =IF(유입접수대장!Q13="","",유입접수대장!Q13) -> 0.39 | R13: =IF(유입접수대장!R13="","","1. "&유입접수대장!R13&IF(유입접수대장!V13<>"",CHAR(10)&"2. "&유입접수대장!V13,"")&IF(유입접수대장!Z13<>"",CHAR(10)&"3. "&유입접수대장!Z13,"")) -> 1. 경은학교(유치원) 2. 남양주도담유 | S13: =IF(유입접수대장!S13="","",유입접수대장!S13&IF(유입접수대장!W13<>"",CHAR(10)&유입접수대장!W13,"")&IF(유입접수대장!AA13<>"",CHAR(10)&유입접수대장!AA13,"")) -> 특수학교 특수학급 | T13: =IF(유입접수대장!T13="","",유입접수대장!T13&IF(유입접수대장!X13<>"",CHAR(10)&유입접수대장!X13,"")&IF(유입접수대장!AB13<>"",CHAR(10)&유입접수대장!AB13,"")) | U13: =IF(유입접수대장!U13="","",유입접수대장!U13&IF(유입접수대장!Y13<>"",CHAR(10)&유입접수대장!Y13,"")&IF(유입접수대장!AC13<>"",CHAR(10)&유입접수대장!AC13,"")) | V13: =IF(유입접수대장!AO13="","",유입접수대장!AO13) -> ※2026년 7월 3일 검사 실시 □K-WPPSI-IV: 전체IQ 40(언어이해 45, 시공간 49, 유동추론 45, 작업기억 45, 처리속도 50/매우 낮음) □적응행동검사: 표준점수 60(상당히 저조한 수준) □사회성숙도: SA 1세 8개월, SQ 40.68(중등도) □CBCL: 문제행동총점 77T(임상범위), 내재화 68T(임상범위), 외현화 70T(임상범위) □K-CARS-Ⅱ(ST): 총점 39.5점(중도 수준의 자폐 관련 행동) | W13: =IF(유입접수대장!AD13="","",유입접수대장!AD13) -> 010-8894-4528 | X13: =IF(유입접수대장!AE13="","",유입접수대장!AE13) | Y13: =IF(유입접수대장!M13="","",유입접수대장!M13) -> 진접읍 해밀예당 3로 68, 1907동 1302호
A14: =유입접수대장!A14 -> 11 | B14: 유입 | C14: =IF(유입접수대장!H14<>"","O","") | D14: =IF(유입접수대장!I14<>"","O","") -> O | E14: =유입접수대장!B14 -> 큰나무어린이집 | F14: =IF(유입접수대장!C14="","",유입접수대장!C14) | G14: =IF(유입접수대장!D14="","",유입접수대장!D14) -> 만2세 | H14: =IF(유입접수대장!E14="","",유입접수대장!E14) -> 최은우 | I14: =IF(유입접수대장!F14="","",유입접수대장!F14) -> 남 | J14: =IF(유입접수대장!G14="","",유입접수대장!G14) -> 2023.01.07 | K14: =IF(유입접수대장!J14="","",유입접수대장!J14) -> 자폐성장애 | L14: =IF(유입접수대장!K14="","",유입접수대장!K14) | M14: =IF(유입접수대장!L14="","",유입접수대장!L14) | N14: =IF(유입접수대장!N14="","",유입접수대장!N14) -> 남양주다산유 | O14: =IF(유입접수대장!O14="","",유입접수대장!O14) -> 특수학급 | P14: =IF(유입접수대장!P14="","",유입접수대장!P14) -> 도보 | Q14: =IF(유입접수대장!Q14="","",유입접수대장!Q14) -> 0.34 | R14: =IF(유입접수대장!R14="","","1. "&유입접수대장!R14&IF(유입접수대장!V14<>"",CHAR(10)&"2. "&유입접수대장!V14,"")&IF(유입접수대장!Z14<>"",CHAR(10)&"3. "&유입접수대장!Z14,"")) -> 1. 남양주다산유 2. 다산새봄초병설유 3. 남양주다산초병설유 | S14: =IF(유입접수대장!S14="","",유입접수대장!S14&IF(유입접수대장!W14<>"",CHAR(10)&유입접수대장!W14,"")&IF(유입접수대장!AA14<>"",CHAR(10)&유입접수대장!AA14,"")) -> 특수학급 특수학급 특수학급 | T14: =IF(유입접수대장!T14="","",유입접수대장!T14&IF(유입접수대장!X14<>"",CHAR(10)&유입접수대장!X14,"")&IF(유입접수대장!AB14<>"",CHAR(10)&유입접수대장!AB14,"")) -> 도보 도보 도보 | U14: =IF(유입접수대장!U14="","",유입접수대장!U14&IF(유입접수대장!Y14<>"",CHAR(10)&유입접수대장!Y14,"")&IF(유입접수대장!AC14<>"",CHAR(10)&유입접수대장!AC14,"")) -> 0.34 0.53 0.7 | V14: =IF(유입접수대장!AO14="","",유입접수대장!AO14) -> ※심리평가보고서(2026.01.15.) □K-WPPSI-IV: 전체IQ 40(언어이해 48, 시공간 46, 작업기억 45/매우 낮음) □사회성숙도: SA 1세 8개월, SQ 59.6(경도) □CBCL: 문제행동총점 56T(정상범위), 내재화 61T(준임상범위), 외현화 56T(정상범위) □K-CARS-Ⅱ(ST): 총점 30.5점(경도에서 중등도 수준의 자폐 관련 행동) □기타 검사결과: VMI-6 외(세부내역 원본참조) --- ※심리평가보고서(2026.05.09.) □사회성숙도: SA 2세 4개월, SQ 71(경계선) □K-Bayley-Ⅲ: 인지 20개월, 수용언어 16개월, 표현언어 8개월, 소운동 16개월 □K-CDI: 전체 발달연령 2세 0개월(전반적인 발달지연), 사회성, 소근육 운동, 표현언어, 언어이해, 글자, 숫자(지연), 자조행동, 대근육 운동(정상) --- ※심리평가보고서(2025.12.03.) □한국형 Denver Ⅱ: 개인-사회성발달 약 10개월, 미세운동 및 적응발달 약 13개월, 언어발달 약 10개월 (의심스러운 발달) 운동발달 약 33개월(정상발달) --- ※2026년 7월 4일 검사 실시 □적응행동검사: 표준점수 68(상당히 저조한 수준) | W14: =IF(유입접수대장!AD14="","",유입접수대장!AD14) -> 010-9656-3431 | X14: =IF(유입접수대장!AE14="","",유입접수대장!AE14) | Y14: =IF(유입접수대장!M14="","",유입접수대장!M14) -> 남양주시 다산순환로365, 힐스테이트다산 5205동 102호
